article_cluster,top_keywords,article_count
9223,"jeep, wrangler",1
11400,"bike, bag, bosses",1
10081,"kaizer, jr, gets, hitched",1
10071,"max lichaba, sues, stepson",1
10905,"nedbank, chair, naidoo, died",1
11215,"sars, goes, euphonik, million",1
10644,"car crash, govt, official, dies",1
10067,"music, industry, problems, rising",1
11160,"wild boars, shakira, son, attacked",1
10885,"formal, jobs, lost, second, quarter",1
11365,"pain, pumps, diesel, users, october",1
8892,"want, dead, activist, forced, hiding",1
7018,"lebo, exwife, gets, share, lion, king",1
10327,"narcos, star, actor, raba, loves, mtb",1
10242,"mining, exec, shot, johannesburg, home",1
10668,"baby, giant, panda, picture, time, yall",1
10359,"bok, pivot, pollard, leave, montpellier",1
9297,"high school, dawn, new, era, strelitzia",1
11646,"bmf, president, accused, misusing, funds",1
9403,"actor, kathryn, prescott, icu, hit, truck",1
7745,"british royal family, watch, latest, videos",1
9912,"burger king, sa, adds, vegan, menu, options",1
10650,"traditional medicine, heritage, month, power",1
11612,"lockdown claims, santam, ordered, pay, months",1
11725,"undercut, entity, accuses, sab, dirty, tricks",1
10537,"drum 70th, evolution, black, hairstyles, years",1
70,"new, love, actress, music, tv, honey, sa, life",307
9598,"new, star, famous, like, gets, fall, look, boo",17
11606,"sa tourism, acting, ceo, resigns, months, helm",1
5272,"baby names, beautiful, xhosa, zulu, boys, girls",2
10649,"actor, loyiso, macdonald, wife, applies, divorce",1
10652,"choppies, mphoko, dispute, finally, heads, court",1
11238,"north west, car crash, mayor, killed, car, crash",1
11379,"wrap, concourt, candidates, shortlist, announced",1
11315,"bulls, urc, sharks, stormers, lions, sa, win, ref",25
1418,"new, sa, review, suv, kia, toyota, suzuki, market",142
9933,"sharks, flyhalf, signs, loan, deal, israeli, club",1
10697,"uk, crisis, fuel, pumps, dry, british, offer, 500",15
11455,"coal, eskom, power, sa, mantashe, clean, war, pits",8
129,"new, woman, meet, love, im, life, shares, daughter",271
9991,"prince philip, court, rules, remain, sealed, years",1
9488,"rugby championship, live, wallabies, v, springboks",1
10995,"mega, grenadier, suv, en, route, sa, ineos, support",1
11085,"poultry industry, new, growth, transformation, path",1
9564,"sa, boost, debt, eskom, time, key, record, africans",39
10708,"sa, nersa, eskom, govt, needs, china, plan, opinion",39
10303,"allnew, vw, caddy, headed, sa, know, ahead, november",1
8352,"bulls, sharks, currie cup, wp, lions, sa, urc, coach",31
11372,"competition commission, approves, adapt, acquisition",1
4115,"eskom, econ oil, race, de, ruyter, econ, oil, tender",26
10733,"gaining, popularity, drug, addicts, pietermaritzburg",1
10588,"namibia, detects, new, strain, footandmouth, disease",1
11291,"season, life, new, book, wins, memoir, local, artist",83
10713,"child, women, abortion, new, life, kids, love, school",35
4552,"lived, life, zimbabweans, sa, face, uncertain, future",1
10417,"remember, ginger, prices, spiked, covid19, oversupply",1
10117,"sa, jobs, lost, tourism, govt, needs, sector, nigeria",15
10243,"weather, hot, warm, tuesday, cool, monday, week, fine",7
9515,"magashule, foundation, mum, students, stranded, turkey",1
80,"sa, covid19, opinion, women, business, new, ways, work",430
140,"story, family, man, woman, cape town, meet, love, life",290
11395,"study, tips, stress, help, exam, exams, teen, children",36
8463,"boks, style, bok, entry, it, lions series, black, coach",12
10686,"covid19, wave, vaccines, us, fourth, sa, older, persons",47
58,"diet, help, adhd, food, health, watch, children, people",148
11324,"new, offer, card, fnb, property, stokvels, things, know",13
10704,"new, young, life, soccer, community, farmer, big, clean",50
10736,"sa, sharks, bulls, munster, stormers, player, jake, cap",19
11280,"sa, women, ramaphosa, business, govt, ceo, jobs, crisis",44
10059,"top 14, watch, sa, ryno, pieterse, shown, straight, red",1
15,"watch, child, story, children, women, kids, dr, answers",749
10135,"you, gclass, force, gurkha, 4x4, rugged, rough, offroad",4
9552,"covid19, sa, students, young, people, cant, find, cities",61
8260,"money, live, santam, profit, rise, warns, tough, economy",1
9573,"problem, burning",1
9824,"joburg, waterfall, city, bigger",1
11031,"spooks, hunt, moles, ssa, scrambles",1
9512,"andile lungisa, anc, overturns, suspension",1
11641,"whoopi goldberg, dating, younger, men, tiring",1
8998,"mom, us, shares, days, life, woman, new, child",40
11347,"parly, probe, committee, chair, interfering, cge",1
9474,"power station, fire, kendal, damages, unit, shut",1
6126,"springboks, georgia, live, v, 1st, test, happened",2
10481,"ramaphosa, asks, un, discuss, reparations, slavery",1
9558,"wits, drone, developers, reach, new, heights, good",1
9413,"trees, uprooted, stolen, kwazulunatal, south, coast",1
9608,"kitchen, meet, rules, sa, teams, cook, success, lazy",4
11243,"sa, review, golf, gtis, sold, month, bakkies, ranger",15
9542,"bulls, stormers, sharks, everitt, urc, rugby, wp, man",16
10018,"jayz, company, ready, rock, mzansi, sundowns, signing",1
42,"sa, billion, profit, ceo, big, new, interview, covid19",291
10938,"blade nzimande, dismisses, claims, da, hates, afrikaans",1
9557,"fnb, ceo, personal, loan, life, connect, ranks, highest",5
11036,"job cuts, transnet, begins, process, voluntary, packages",1
262,"man, woman, found, arrested, death, murder, family, body",524
10843,"married, women, wear, fertility, hats, cultural, experts",1
10692,"man, murder, police, arrested, court, shooting, taxi, kzn",75
9285,"watch, team, effort, snake, catcher, wife, rescue, female",1
9562,"uk, sa, red list, mauritius, ends, ban, travellers, flights",6
10002,"new zealand, children, sa, mother, found, dead, new, zealand",8
11244,"rugby, springboks, tour, kolisi, plan, bok, win, siya kolisi",16
480,"covid19, sa, pandemic, tourism, economy, africa, lockdown, new",215
10715,"blacks, boks, springboks, bok, springbok, win, rugby championship, nienaber",63
11251,"jsc, candidate, judge, chief justice, concourt, high court, white, candidates",35
8922,"iec, registration, parties, candidate, elections 2021, da, elections, analysis",38
9574,"cabinet, retirement, public, basic income grant, new, govt, mpumelelo, mkhabela",14
2495,"city press, us",2
11726,"teko, ties, knot",1
10074,"refiloe, jane, italian, odyssey",1
11622,"matric exam, past, papers, history",1
10069,"500, army, vehicles, destroyed, fire",1
10428,"watch, nicole, richie, sets, hair, fire",1
9797,"greytown, maidens, reed, dance, ceremony",1
10894,"kzn, stepfather, cousin, sentenced, rape",1
11012,"date, confirmed, comrades, comrades marathon",2
10155,"early bird, night owl, sponsored, night, owl",1
10058,"nature reserve, rhino, calf, killed, gauteng",1
10107,"ipl, mumbai indians, live, csk, strong, resumes",1
8696,"vw golf 8 gti, fast, officially, sale, sa, owner",1
9634,"mom, know, son, watch, life, living, opens, birth",20
9962,"van, gogh, drawing, old, man, goes, display, time",2
10498,"public servants, dupe, sassa, r200m, grants, month",1
9877,"watch, finally, available, netflix, film, schumacher",2
10499,"toe, khehla sitole, pick, battles, mcbride, goes, cop",1
10273,"upl, durban, disaster, it, smelled, like, guy, fawkes",3
10735,"pain, heart, good, healthy, risk, sponsored, live, gut",16
9029,"chicken, covid19, sa, opinion, shop, profit, owner, yum",29
6406,"home, like, regular, rugged, diy, bush, trailer, photos",16
9728,"idols sa, ratings, plunge, following, somizi, departure",1
9508,"coffin, found, golf, course, pond, contains, man, buried",1
9581,"erika bornman, mission, malice, tops, bestseller, charts",1
5726,"exclusive, podcast, boys, media, exec, raped, man, tracks",5
10379,"sabc, tv, licence, household, levy, goodbye, hello, wants",3
10751,"killed, crashes, crash, injured, people, death, kzn, roads",7
11353,"nobel, prize, watch, win, 2021, novelist, wins, literature",7
9561,"ndlovu, rosemary, man, court, handed, years, murders, excop",35
2813,"opinion, ramaphosa, siya, khumalo, ralph, mathekga, sa, anc",203
10584,"podcast, story, school, david, mackenzie, boys, water, polo",4
9924,"australia, new, nuclear, submarines, watch, nz, stay, waters",4
10110,"covid19, vaccine, pfizer, vaccination, us, people, shots, sa",40
8963,"man, police, pietermaritzburg, woman, dead, kzn, found, court",96
10141,"mom, life, shares, child, family, years, marriage, postpartum",56
10745,"level, lockdown, ramaphosa, sa, moves, alert, govt, gatherings",14
10684,"uk, sa, travel, red list, covid19, quarantine, govt, ramaphosa",19
10128,"arrested, police, man, durban, found, court, cops, kwazulunatal",60
10526,"n2, dead, durban, shooting, toll plaza, driver, trapped, headon",4
10772,"cape town, death, residents, man, kzn, hospital, students, woman",43
8993,"anc, ret, da, mayoral, candidate, makhosi khoza, durban, actionsa",29
11567,"boity, bujy, assault, audio, bujy bikwa, media, personality, bail",5
9544,"chiefs, sundowns, baxter, boss, kaizer chiefs, psl, royal, bafana",18
9074,"daily lotto, powerball, plus, lotto, players, lucky, results, bag",19
10685,"elections 2021, anc, manifesto, ifp, eff, da, ramaphosa, promises",75
10056,"friend, new york, real estate, real, estate, durst, found, guilty",2
24,"covid19, new, cases, deaths, records, south africa, sa, infections",198
11018,"joburg, joburg mayor, mpho moerane, mayor, anc, new, mmc, endorsed",5
11263,"kzn, water, msunduzi, residents, r15m, municipality, sports, field",50
10688,"pay, companies, post office, letters, class action, sa, sham, loan",30
10681,"babita deokaran, exclusive, killer, government, day, job, got, paid",2
10682,"new zealand, murders, expats, set, support, network, struggling, sa",1
9220,"proteas women, windies, odi, bounce, beat, opening, kapp, wolvaardt",2
8924,"zuma, parole, medical, da, board, arthur fraser, questions, experts",34
8920,"covid19, vaccination, patients, study, sa, alcohol, opinion, vaccine",54
11277,"vote, teachers, opinion, time, sexuality, education, campaign, crime",40
10723,"zuma, nkandla, home, address, supporters, jacob zuma, president, anc",4
11213,"giant vegetables, europe, war, pumpkin, italy, declared, world, champ",1
3927,"heineken, distell, south africa, managing, director, set, retire, soon",3
9566,"inge lotz, podcast, story, miscarriage, justice, episode, fred, murder",10
9833,"suspended, high, risk, cfo, fights, mangaung, electricity, distributor",6
9914,"springboks, boks, hooper, wallabies, history, springbok, wounded, rugby",14
10066,"jolidee matongo, it, hard, comprehend, tragedy, ramaphosa, pays, tribute",1
10939,"kuben moodley, gupta, fixer, dubai, middleman, guptalinked, firms, dodgy",4
9549,"verstappen, f1, mclaren, monza, penalty, hamilton, lewis hamilton, crash",17
10689,"david, mackenzie, teachers, polo, analysis, sheena, reveals, complexities",7
10238,"hlophe, gauteng, judges, impeachment, case, concourt, legal action, wants",7
10931,"private equity, jse, ethos, capital, blurring, lines, bruce cameron, need",2
10197,"xolani, luvuno, plan, pit toilets, story, climbed, kilimanjaro, eradicate",12
10994,"mxolisi dukwana, free state, free, state, fired, ace magashule, years, ace",2
11561,"tesla, elon musk, headquarters, gigafactory, cars, california, looks, like",6
6345,"covid19, ivermectin, sahpra, treat, vaccine, vaccine hesitancy, science, sa",24
10739,"fiscal, worry, resignations, treasury, mogajane, amid, concerns, succession",5
11246,"anc, da, elections 2021, election, posters, phoenix, municipality, candidate",96
9704,"chief justice, khusela diko, presidency, evasive, new, khusela, diko, parole",1
9757,"hlophe, chief justice, high court, goes, stay, impeachment, block, ramaphosa",4
9518,"anaemia, rheumatoid, arthritis, covid19, study, causes, heart disease, impact",15
10112,"elections 2021, anc, da, candidate, registration, iec, councillor, candidates",73
11275,"hearing, world rugby, date, rassie, misconduct, set, rassie erasmus, sa rugby",3
9092,"climate change, sa, climate, climate finance, waiting, bailout, keeps, pursuing",6
11282,"facebook, outage, instagram, whatsapp, whistleblower, social media, hit, global",35
10765,"fathers, babies, child, home affairs, unmarried, register, mothers, involvement",4
10758,"df malan, name change, ho√´rskool, governing, body, refuses, request, referendum",2
11025,"gateway, robbery, shopping centre, watch, security guard, shot, dramatic, jewellery",5
11248,"expert, beitbridge border fence, poorly, built, highsecurity, barricade, cost, r300m",2
10856,"public protector, mkhwebane, withdraws, opposition, zille, colonialism, tweet, report",8
11333,"squid game, netflix, phone number, game, calls, quid, internet service provider, south",10
10351,"karpowership, licences, energy regulator, karpowership sa, approves, generation, sa, rocks",5
9635,"tobacco, johann van loggerenberg, sabotage, bribes, time, probe, claims, british american tobacco",5
10716,"facts, nicotine",1
9010,"affair, know, baby, mine",1
11536,"explainer, popia, land, jail, caught",1
10554,"united rugby championship, wrap, round",1
9648,"prehistoric, winged, lizard, unearthed, chile",1
10866,"achmat, hassiem, life, support, danger, family",1
10115,"open, letter, concerned, direction, irr, taking",1
11474,"jeremy vearey, key, fix, police, leadership, cop",1
11351,"baby shower, mashelembe, provincial, melts, hearts",1
11399,"south africa, fuelefficient, hybrid, vehicles, buy",1
11328,"couple, friend, takes, dog, km, trip, days, special",5
9459,"italy, warns, misuse, herpes, drug, covid19, treatment",1
2135,"bike, mountain, mtb, race, gravel, cycling, bicycle, sa",108
11249,"western cape, killing, scarface, trip, da, municipality",1
10619,"cape town, establishments, world, best, restaurants, list",1
9160,"court, eskom files, slush, fund, limpopo, mec, case, takes",5
10776,"kzn, water, areas, letters, blocked, drain, spills, street",15
10127,"woman, years, dad, raping, grooming, daughter, outcry, man",7
9099,"holyfield, boxing, great, evander, set, return, ring, trump",3
9517,"level 2, liquor, stores, open, fridays, better, extra, hour",2
9532,"police, man, cape town, kzn, killed, murder, found, robbery",81
10806,"indian, wells, withdraws, osaka, feels, itch, tennis, return",4
9676,"t20, knockout, dolphins, aim, best, bowlers, tuskers, prepared",2
9405,"anc, russia, love, company, owned, putin, billionaire, oligarch",3
10754,"love, leave, sex, dear, white, people, like, relationship advice",50
11637,"retirement, twobucket, system, sa, pensions, massive, boost, new",3
9616,"zuma, concourt, court, medical parole, dear, mr, president, case",15
10731,"election, german, merkel, scholz, germany, win, social, democrats",6
11344,"bafana, ethiopia, bafana bafana, broos, hugo broos, time, coach, sa",22
11564,"jsc interviews, high court, names, recommended, gauteng, high, court",1
9534,"elections 2021, anc, iec, registration, voter, weekend, candidate, da",68
10826,"opinion, letters, warren, fernandez, covid19, crisis, points, climate",13
7732,"toyota gr yaris, letter, paid, deposit, secure, knowing, r715k, price",5
10707,"brian laundrie, gabby petito, fianc√©, fbi, laundrie, parents, is, death",9
9603,"anc, iec, elections 2021, court, magashule, suspension, battle, dismissed",17
10827,"digital vibes, report, siu, mkhize, health, siu report, ramaphosa, damning",32
11299,"covid, patients, covid19, infection, longterm, symptom, oxford, researchers",15
11281,"pandora, papers, revelations, inside, zimbabwean, tycoon, billy, rautenbach",8
11279,"senior, accused, department, court, alleged, eastern cape, mec, allegations",33
9361,"correctional services, mnikelwa nxele, watch, armed, guards, block, kzn, head",1
10794,"lewis hamilton, driver, formula 1, toby venter, interview, coming, sa, kyalami",3
11692,"watch, motshekga, matric exams, angie motshekga, countdown, angie, matric 2021, help",2
9477,"mamokgethi phakeng, lgbtqi community, uct, vicechancellor, apologises, lgbtqi, community, online",1
11613,"best, wheel, mtb, riding, year",1
10461,"daniel craig, james bond, james, bond",1
10089,"know, mother, danger, children, signs",1
9152,"game show, bay, family, appear, sunday",1
11173,"perfume, lasting, day, making, mistakes",1
11114,"trade surplus, august, rebounds, unrest",1
10630,"kenya, bans, blasphemous, film, gay, lovers",1
10096,"paralympic, swimmer, achmat, coma, hospital",1
11746,"ft, uefa, nations, league, final, spain, france",1
11270,"letters, late, dont, build, new, dams, kzn, bizarre",5
8443,"nicotine, primary, cause, smoking, related, disease",1
10980,"cape town, look, view, space, main, dam, filled, bad",2
10888,"angelina jolie, weeknd, spotted, second, dinner, date",1
2173,"local, football, new, talent, kzn, sport, club, women",105
10510,"vir, van, en, despatch, tot, sa, wel, w√™reldberoemde",20
11357,"snakes, guide, unusual, rescue, dozen, green, water, kzn",4
9531,"family, covid, industry, sons, sea, gangs, london, hailed",30
10109,"bakkie, driven, swansong, trip, current, ranger, ford, new",4
11177,"new development bank, enoch godongwana, appointed, governor",1
9762,"sa, bakkie, new, ranger fx4, review, topspec, triton, takes",5
10687,"bike, bag, bosses, mtb, helmet, slovenia, retro, singlespeed",10
8947,"covid19, cases, new, deaths, sa, confirmed, increase, records",10
10162,"opinion, children, women, health, killed, parents, law, youth",29
11205,"public servants, salaries, wont, affected, review, department",1
9804,"company, director, fake, vat, claims, woman, handed, suspended",5
9589,"level 2, lockdown, sa, smaller, shows, covid19, curfew, starts",10
10044,"plans, womenowned, bank, crash, cooperative, weeks, pay, money",1
11359,"sa, uk, travel, uk red list, tourism, season, covid19, vaccine",20
10602,"spur, native, american, imagery, fresh, costs, open, rocomamas",2
10147,"uk, shortage, gas, suppliers, co2, cause, christmas, cancelled",9
10786,"years, music, review, art, celebrate, singer, know, collection",27
8959,"covid19, vaccine, coronavirus, us, cases, vaccinated, covid, sa",71
10968,"getting, healthy, summer, jamie, oliver, brunch, favourite, meal",2
11461,"post office, medical aid, update, asks, govt, help, medical, aid",1
11639,"da, phoenix, posters, racist, kzn, steenhuisen, removes, decision",7
11284,"killed, kzn, man, police, pietermaritzburg, shot, found, shooting",74
10123,"zuma, medical, downer, records, court, legal, law, constitutional",20
10766,"afghanistan, afghan, us, taliban, collapse, biden, icc, prosecutor",7
11225,"believe, it, university, pretoria, student, submits, master, thesis",1
10555,"bertina, engelbrecht, new, ceo, clicks, ramsunder, quits, australia",1
9520,"covid19, vaccine, us, vaccination, vaccines, study, covid, children",89
9428,"sa money report, podcast, measuring, economy, slow, climb, darkness",1
9376,"michael schumacher, different, brain, injury, reveals, wife, corinna",1
10782,"sa, volkswagen, mercedesbenz, golf 8 gti, opinion, vehicles, id, buy",9
9655,"uk, sa, update, covid19, vaccines, minister, accepts, recommendation",4
10899,"shembe, durban, congregants, march, pics, bring, complete, standstill",4
11247,"eskom, load shedding, stage, severe, de, ruyter, eskom files, treasury",10
11301,"siya kolisi, rugby, family, rise, book extract, recalls, smoking, weed",14
6,"opinion, sa, anc, women, south africa, ramaphosa, human rights, covid19",460
10140,"petito, gabby, body, found, youtuber, gabrielle, missing, disappearance",13
91,"rape, police, sexual assault, australian, case, court, minister, alleged",161
11033,"zweli mkhize, siu report, wrap, ramaphosa, defends, despite, siu, report",1
7631,"killer kau, heartfelt, mpura, killed, amapiano, artists, girlfriend, riky",7
9641,"steinhoff, settlement, liquidation, pepkor, help, fund, billion, postpone",5
11198,"princess beatrice, queen elizabeth, reveals, baby, girl, sweet, nod, queen",1
9614,"remake, film festival, french, abortion, film, wins, femalefocused, venice",7
11607,"tobacco industry, exclusive, sars, accepted, donations, leaked, docs, show",1
8348,"covid19, vaccination, vaccine, western cape, sa, million, vaccinated, schools",74
10854,"flysafair, starts, flights, mauritius, december, starting, kenya airways, saa",4
9523,"interception, ssa, rica, judge, concerned, unceasing, unlawful, communication",5
9808,"thando thabethe, aka, responds, cringey, interview, backlash, handled, better",1
11285,"covid19, vaccination, vaccine, digital, certificate, vooma, western cape, target",26
10016,"imperial logistics, shareholders, greenlight, sale, dubai, ports, soe, share price",2
11088,"princess charlene, sa, prince albert, sharon stone, attends, bond, premiere, sharon",2
11375,"david mackenzie, coach, faces, disciplinary, hearing, claims, inappropriate, behaviour",3
10817,"basic income grant, huge, unintended, consequences, business, body, food prices, squeeze",3
10595,"higher education, precautionary suspension, ramaphosa, explains, dg, placed, precautionary, suspension",1
9764,"bamboo, handlebars, best",1
11727,"cape, homeowner, black, tenants",1
11652,"grand prix, f1, live, 2021, turkish",1
11708,"survival, mango, questions, answers",1
8591,"diet, consisting, mainly, fruit, bad",1
10283,"medical aid, cost, lower, owner, medscheme",1
10738,"reactions, rami, chuene, announces, married",1
11608,"cape town, offices, filling, joburg, emptier",1
11736,"watch, lions, surround, tiny, car, rub, bonnet",1
10643,"free, medium, expression, sparking, joburg, car",1
2389,"thamsanqa, malinga, leon, maimane, god, particle",2
7887,"dj fresh, shuts, ntsiki, wont, pay, penny, lebyane",2
10788,"rand, hit, sa, bleeds, amid, concerns, china, woes",4
11584,"meet, luna, senior, trail, dog, mountain, bike, mtb",2
11411,"baby names, trends, according, ultimate, baby, names",1
10045,"chess, icon, sues, netflix, queen, gambit, portrayal",1
4078,"car doctor, restore, car, headlights, look, brand, new",1
6356,"imperial, dubai, giant, buy, sa, deal, takeover, wants",4
9740,"car accident, beloved, enoch, mgijima, councillor, dies",1
9551,"kzn, routes, taxi, killed, horror, crash, concern, people",6
10567,"lions, urc, opener, stormers, italy, bulls, united, rugby",7
10737,"sundowns, swallows, chiefs, mtn8, mtn 8, ct, city, bafana",27
9569,"will, dies, nthabi, answers, legal, questions, archive, way",3
10284,"sa, plans, power, coal, fossil fuels, investing, gas, needed",5
10116,"blacks, bok, boks, springboks, test, nienaber, black, players",37
11223,"emily, ratajkowski, claims, robin, groped, set, blurred, lines",1
11305,"royal, psl, baxter, mamkhize, benni, talk, officiating, called",14
9640,"sca, rules, mkhwebane, bid, redeem, report, prospects, success",1
8944,"city power, eskom, hiding, r500k, board, fees, eskom files, city",2
10973,"royal, ethekwini, sponsorship, vanity, project, party, come, end",3
11112,"ahmed timol, judge, officially, strikes, case, death, court, roll",1
11409,"watch, cardi b, opens, delivering, newborn, accused, surgery, snap",4
11391,"unlawful, cape town, bylaw, golf, courses, housing, western cape, da",9
10065,"blitzboks, sevens, overpower, mexico, vancouver, opener, clean, sweep",2
10724,"sa, businesses, opinion, women, digital, new, programme, south africa",32
11654,"apple, juice, recalls, amid, concerns, woolworths, products, mycotoxin",4
10164,"win, community, library, barbara masekela, poli, theatre, takes, model",34
10305,"britney spears, netflix, britney, vs, spears, instagram, sharing, photos",5
10143,"blitzboks, team, canada, vancouver sevens, cruise, title, powell, praises",6
10124,"pietermaritzburg, residents, city, park, ramaphosa, mountain, rise, stand",41
8938,"sharks, bulls, currie cup final, springboks, bok, rugby, wallabies, loftus",50
11568,"khehla sitole, suspension, notice, cop, served, report, presidency, confirms",4
9535,"kzn, municipality, residents, msunduzi, coast, power, offices, infrastructure",33
10199,"patient, kimberley, hospital, arrested, stabbing, doctors, water shortages, sahrc",3
69,"anc, da, iec, elections, local government elections, political, ramaphosa, parties",274
8359,"babita deokaran, deokaran, murder, whistleblower, babita, whistleblowers, state, appear",18
7706,"pools, t20, cricket sa, confirmed, provincial, knockout, competition, cricket south africa",2
10516,"king, misuzulu kazwelithini, buthelezi, rubbishes, claims, poisoned, zulu royal family, seeking",5
10501,"gravel, road, tarred, decades",1
10857,"youtuber, mel, thompson, dies",1
9483,"currie cup final, ft, bulls, sharks",1
8786,"car, selling, motus, avoid, sale, scams",2
10677,"sued, bride, kicking, bridal, party, cut, hair",1
10941,"trump, book, music, man, calm, rages, new, reveals",2
8981,"new, suv, driven, hyundai, renault, kiger, sa, pulls",7
11471,"f1, figures, named, new, tax, avoidance, leak, report",1
8346,"new, going, read, sex, women, white, lotus, beautiful",41
10796,"danish, man, found, buried, treasure, iron, age, metal",1
10463,"certified, big, brother, bromance, drake, damien, hirst",1
9352,"food, poverty, line, money, need, survive, sa, stats sa",3
10146,"sasol, come, emission, target, climate, govt, let, rich",9
10869,"new bakkies, lifestyle, business, mahindra, launches, sa",1
10868,"banking, future, fraud, takes, debit, card, listen, smart",14
10186,"sa, uk, travel, us, travel restrictions, lift, time, know",11
23,"sharks, bulls, lions, stormers, bok, coach, rainbow cup, sa",362
10103,"bride, groom, refuse, let, photographer, break, eat, deletes",1
10217,"killed, sources, mali, people, injured, grenade, attack, bar",6
11237,"plane crashes, small, building, outside, milan, onboard, die",1
11374,"unmarried, father, register, child, surname, mother, consent",1
6757,"sa, junk status, godongwana, help, debt, cities, cliff, moody",7
9613,"alleged, arrested, case, bail, application, court, kzn, seizes",13
9072,"us open, us, open, lloyd harris, slam, zverev, djokovic, grand",16
9978,"deep, dive, boucher, wrong, revered, historian, odendaal, 1990s",2
252,"fuel price, petrol, fuel prices, prices, diesel, aa, april, set",26
8940,"spar, grand prix, women, race, ethiopian, cape town, nare, runs",4
9717,"lerato, sengadi, celebrates, hhp, birthday, song, amapiano, star",13
1007,"cape town, city, housing, western cape, cape, land, da, residents",110
10113,"opinion, siya, khumalo, insurance, plan, countries, fail, protect",7
9854,"va, waterfront, continues, bleed, vaccine, delays, tourists, away",2
10673,"desmond tutu, cape town, pics, loathsome, shock, mural, cape, town",1
11709,"fury, wilder, classic, heaviest, trilogy, showdown, knocks, retain",3
9527,"proteas, series, win, t20 world cup, t20, sri lanka, spinners, csa",20
9533,"questions, family, answers, burning, dubai, firing, warning, shots",8
9002,"steinhoff, settlement, liquidation, support, plan, bid, case, vote",8
9541,"wallabies, springboks, boks, bok, coach, blacks, nienaber, pollard",38
9521,"covid19, sa, cases, records, western cape, new, infections, million",17
10161,"eskom files, fire, sabotage, treasury, delays, drove, eskom, majuba",1
10721,"netflix, international, viewers, times, likely, visit, sa, watching",2
9326,"rid, stubborn, fat, weight loss, grazing, gorging, skipping, better",2
10755,"court, architect, nkandla, case, jacob zuma, zondo, ramaphosa, trial",16
10236,"justice, dept, ransomware, maintenance, payments, food, mom, anxiously",5
11273,"new, covid19, deaths, south africa, cases, records, infections, increase",11
9241,"pirates, sundowns, chiefs, swallows, clash, fallout, coaching, squabbles",10
9957,"survivor sa, season, winner, crowned, immunity, island, finale, promises",3
9135,"killed, western cape, transport, cape town, taxi, safety, project, records",5
11100,"lions, scarlets, matchday, unchanged, clash, influential, kriel, improving",3
11360,"turkish, lewis hamilton, hamilton, gp, red bull, f1, turkish gp, grand prix",16
9712,"whoopi goldberg, met gala, valentino, met, gala, people, helping, brilliant",1
137,"eskom, zondo commission, ramaphosa, zondo, state capture, claims, de, ruyter",148
11449,"higher education, dg, nzimande, appoints, nkosinathi, sishi, training, qonde",2
11252,"unrest, alleged, instigator, pietermaritzburg, brookside, mall, durban, case",28
11452,"soap wars, lifebuoy, rival, finally, succeeds, quashing, infection, protection",1
10188,"rosemary ndlovu, insurance, appears, court, legs, shackled, threatening, journalists",5
11630,"princess charlene, prince albert, princess, charlene, admits, return, monaco, complicated",2
9144,"scott disick, amelia, kourtney kardashian, hamlin, break, following, kourtney, kardashian",2
9943,"value, volume",1
10544,"somizi, bad, books",1
10797,"turn, daily, walk, workout",1
10653,"councillors, failed, people",1
11729,"rich, insure, trees, gardens",1
10418,"water, education, reach, wider",1
11714,"eu, bans, additive, sweets, cakes",1
11074,"boy, dies, infected, us, splash, park",1
9951,"devil, returning, marlena, days, lives",1
11617,"kaizer chiefs, suffer, massive, nurkovic, blow",1
10330,"diepcity, wins, big, 5th, royalty, soapie, awards",1
9467,"stop, sharing, hubbly, bubbly, warns, health, expert",1
9702,"boris johnson, mother, charlotte, johnson, wahl, dies",1
9665,"farewell, fond, friends, officers, steenberg, station",1
10142,"davis cup, sa, venezuela, lloyd, ease, win, new, skipper",2
10200,"officials, gauteng, kzn, company, family, ties, anc, mpl",5
10376,"ahead, saa, takatso, takeoff, makes, clear, involved, days",2
10272,"school, teacher, local, leaders, protest, zuma, kzn, south",6
10872,"anele mdoda, sustains, minor, injuries, hit, car, disbelief",1
608,"covid19, vaccine, vaccines, jj, astrazeneca, pfizer, study, us",241
10936,"daily lotto, powerball, plus, players, lotto, results, day, ke",10
10521,"springboks, blacks, 100th, test, clash, wallabies, show, black",16
11242,"covid19, vaccine, us, booster, pfizer, risk, children, increase",27
9071,"eskom, senior, court, dg, face, money laundering, manager, wins",12
11378,"weather, update, warm, expected, tuesday, cloudy, country, fine",9
11403,"strike, cosatu, numsa, tools, demands, impact, stayaway, workers",10
7826,"feel good, restaurant, staff, sing, chant, customer, leaves, r85k",1
8918,"hamilton, f1, gp, teammate, bottas, russell, mercedes, italian gp",31
8994,"work, real, sa, small business, costcutting, ideas, owners, trying",14
9434,"councils, slow lounge, comair, wants, sell, business, firstrand, sa",3
9636,"prince andrew, assault, sexual assault, runs, mum, sex, case, kicks",3
10060,"illegal protest, cape town, lockdown, antivaxxers, stage, cape, town",1
10469,"koeman, messi, underfire, refuses, answer, questions, bizarre, barca",3
10400,"pics, endangered, humpback, dolphins, seven, killer, whales, spotted",1
10696,"covid19, new, western cape, third wave, wave, records, sa, infections",10
9524,"inside, government, mounting, directorgeneral, vacancy, crisis, means",1
11743,"tamaryn green, shares, photos, beautiful, blessed, umembeso, ceremony",1
11293,"claudia schiffer, sachin tendulkar, shakira, sachin, tendulkar, papers",1
10810,"south sudan, oil, sudan, south africa, billion, push, south, explainer",3
10183,"moment, truth, arrives, crisishit, chinese, property, giant, evergrande",1
7912,"appeal, jason rohde, sceptical, court, reserves, judgment, convicted, wife",3
10598,"lauren dickason, exclusive, lauren, read, understand, ivf, friend, couldve",4
10799,"prince william, new, kate, kate middleton, emma raducanu, game, set, match",6
11430,"discovery, offer, hospital, home, january, works, charlotte maxeke, failure",2
10459,"tshegofatso pule, court, mastermind, bail, high court, high, attempt, family",2
9579,"climate change, africa, new, report, un, cyril ramaphosa, south africa, brics",10
10706,"court, sentenced, fraud, clerks, road accident fund, stealing, clients, years",13
9880,"wage deal, municipal, wage increase, salga, agrees, months, negotiations, deadlock",4
8521,"bakkie, ford ranger raptor, special edition, toughest, confirmed, sa, ford, fastest",2
10073,"joburg mayor, jolidee matongo, newly, appointed, jolidee, matongo, breaking, pedestrian",3
4099,"ernest msibi, actor, ties, knot, love, life",1
11040,"sa, born, lock, banned, weeks, horror, high, tackle",1
10860,"ketchup, telephone, things, world, expos, brought, us",1
8703,"dj fresh, court, dismisses, euphonik, defamation, case",1
10042,"r kelly, assistant, testifies, singer, sexual, activity",1
10819,"year, car, south african, 2021, is, opinion, sa, winner",2
11691,"cape town, cycle, tour, matters, goes, ahead, spectators",2
9994,"foreign, buyers, keen, sa, properties, price, tags, r41m",1
9950,"french, rugby, player, banned, calling, wp, junior, wing",1
9932,"podcast, boy, hanged, words, express, loss, child, father",5
11267,"safa, fans, return, vaccinated, soccer, set, wants, staff",13
11588,"tina, turner, latest, legacy, artist, sell, music, rights",1
10473,"mining charter, court, big, blow, govt, sets, aside, parts",3
10108,"blood, water, ratched, expect, season, night, house, master",28
10252,"cop, death, dna, man, court, officials, arrested, disappear",12
11187,"pick n pay, liable, woman, struck, head, boom, gate, stores",1
10420,"rescue, workers, die, search, operation, johannesburg, mine",1
10446,"traffic, long, weekend, heavy, volumes, expected, sa, roads",4
9861,"west indies, michael holding, legend, michael, holding, mic",1
10144,"sa, big, banks, grew, combined, earnings, pandemic, investec",2
11517,"des, truecrime, drama, infamous, serial, killers, uk, history",1
11278,"elon musk, grimes, trolling, nowviral, paparazzi, pics, split",1
10133,"blacks, springboks, boks, 100th, v, defeat, wallabies, expects",23
7236,"mandla lamba billionaires club, worried, members, turn, police",1
10683,"cape town, city, district, bylaws, homeless, da, good, eviction",7
9380,"mandla lamba, fsca, warns, public, billionaires, club, director",1
11463,"boeing 737 max, comair, continues, efforts, cancel, deal, planes",1
9652,"bust, tambo, arrested, r40million, tik, customs, officers, seize",2
10858,"toyota gazoo racing, replaces, v8, hilux, turbocharged, v6, racer",1
11110,"war crimes, 96yearold, german, suspect, caught, hours, run, court",1
10385,"covid19, sa, infections, continue, show, signs, sustained, downward",4
11420,"one sa, asset managers, sanlam, absa, join, forces, create, largest",1
10246,"senior, treasury, official, resigns, months, permanent, appointment",1
9661,"covid19, cape town, vaccination, watch, cape, town, site, western cape",9
10816,"elections 2021, watch, launches, manifesto, ahead, anc, elections, hub",3
9132,"auction, spectrum, ice, settlement, talks, companies, fail, communications",3
9522,"anc, opinion, party, comments, lessons, july, unrest, political party funding",13
11385,"cholesterol, high, studying, weight loss, study, debunks, belief, weight gain",12
9322,"cyclists, killed, pietermaritzburg, update, tributes, pour, wellknown, horror",4
11412,"thuso mbedu, shares, heartwarming, surprise, visit, family, friends, south africa",2
9224,"princess diana, exclusive, neverbeforeheard, stories, famous, photographs, queen, helpers",2
10807,"correctional services, lamola, appoints, samuel, thobakgale, acting, national, commissioner",1
10001,"chain, lube, gold, tokyo",1
9874,"kouga dam, visit, outside, patensie",1
11043,"taxi, associations, celebrate, violence, route",1
10793,"tuskers, csa, t20, knock, win, pool, b, action",12
9793,"fake, look, experts, spot, luxury, items, like, lv",2
11189,"cape town, cruise, tourism, resume, ships, expected",1
10101,"letter, sa, lose, figo, ecosport, bring, focus, new",1
10285,"bok, loosie, wiese, cited, player, physically, abuse",1
9360,"phonetography, tips, taking, pics, palmsized, device",1
9172,"ofentse mokwena, saa, use, healthy, dose, competition",1
181,"proteas, bavuma, series, t20, sa, ireland, windies, win",290
11540,"sharks, changes, ospreys, wales, coach, team, clash, du",10
10036,"worth, buy, low, mileage, preowned, models, good, value",1
11445,"adele, you, reasons, fans, think, singer, making, return",3
10249,"ipl, win, delhi, bangalore, help, thrash, hyderabad, faf",29
115,"baby, covid19, mom, story, hospital, life, woman, surgery",221
10084,"doctor, broke, texas, law, performed, abortion, cant, sit",1
11424,"find, locally, grown, avocados, sa, shelves, year, matter",1
8449,"bodies, healthier, big, strong, test, fit, exercise, shape",6
5475,"exodus, podcast, cult, series, awarded, best, global, year",4
10926,"ramaphosa, presses, wto, covid19, vaccine, patents, waiver",1
11513,"new zealand, trial, date, set, sa, doctor, accused, killing",1
11017,"progress, heineken, bid, klipdrift, savanna, maker, distell",1
370,"story, short, read, opinion, excerpt, it, love, survivor sa",181
10662,"coach, searches, us, football, field, find, player, necklace",1
10678,"covid19, researchers, pill, virus, new, masks, way, vaccines",17
670,"seven, tips, choosing, healthier, drinks, avoiding, hangover",1
10212,"survivor, new, watch, modern, medicine, cancer, face, brings",5
6955,"workout, training, want, moves, need, stretch, body, helpful",13
10314,"fani, titi, phuthi, mahanyeledabengwa, critical, conversation",1
10149,"fought, shark, hell, family, hopeful, paralympian, defy, odds",1
9051,"granted, tender, years, court, scam, joburg, fraudster, found",12
8917,"love, new, review, drama, story, big, new album, south africa",44
9853,"survivor sa, chappies, tyson, change, vote, trust, speak, fan",3
9825,"toyota, upcoming, corolla, cross, receives, healthy, dose, gr",1
9406,"wallabies, springboks, cooper, play, boks, gets, shock, years",8
11519,"grand, duke, russia, marries, russian, royal, wedding, century",1
10624,"judge, mnguni, widow, allowed, petition, appeal, court, burial",1
8452,"engineering, company, digs, heels, siu, accused, overreach, vbs",5
9546,"fuelefficient, diesel, vehicles, buy, sa, suzuki, anymore, rare",5
10247,"mining, meltdown, anglo, loses, r40bn, single, day, commodities",2
5181,"reopen, fire, blaze, sections, devils, peak, following, runaway",6
8966,"taliban, afghan, us, kabul, aid, government, watch, afghanistan",23
8926,"women, community, cant, stories, age, men, cape town, awareness",47
10639,"elections 2021, watch, launches, manifesto, ahead, da, live, eff",2
11330,"england, t20 world cup, india, test, ashes tour, ashes, icc, t20",12
9790,"fast food, health, inspectors, close, durban, shop, sewage, leak",1
10658,"pick n pay, bakery, sold, muffins, school, kids, wants, snowball",1
5304,"clover, factory, sa, cape town, large, hammer, north west, closes",4
10670,"south african, writer, egoli, creator, franz, marx, dies, covid19",1
10893,"agrizzi, present, court, illness, state, subpoena, doctor, explain",1
9997,"driving licence, letter, card, expired, years, ago, start, scratch",1
5245,"new, sa, jaguar, left, ferrari, engine, performance cars, preowned",18
10932,"nick hudson, opposes, sa, vaccination, plan, hasnt, company, makes",1
10281,"ryder cup, europe, us, dechambeau, mcilroy, captains, poulter, day",11
10388,"twometre, distance, prevent, covid19, virus, transmission, indoors",1
9654,"youtuber, subscribers, deleted, channel, making, crying, son, pose",2
10915,"adapt, flat, performance, acquisition, process, continues, new, ceo",2
399,"covid19, variant, variants, delta variant, new, sa, study, vaccines",249
11741,"private jet, look, airbus, turned, airliner, help, graffiti, artist",1
9688,"springboks, wallabies, world rugby, lead, atop, rankings, cut, rise",5
8129,"student, nosicelo, mtebeni, family, fort hare, death, slain, murder",19
10391,"trend, upending, status, quo, meet, gabriella, karefajohnson, black",3
11319,"covid, gauteng, long covid, living, survived, life, indepth, massive",19
11441,"diana, musical, meghan, big, princess diana, awful, amazing, viewers",6
10213,"princess, beatrice, baby, girl, welcomes, gives, birth, royal family",4
9758,"south african, wikipedia, group, appoints, ceo, nonprofit, new, boss",1
11010,"global, crime, south africa, ranks, high, index, measuring, organised",2
9699,"kim kardashian, met gala, faceless, look, aap, rocky, comforter, best",1
9828,"matric exams, education, dept, brought, forward, exams, kzn, treasury",7
7876,"minnaar, mtb, world, world cup, overall, heads, switzerland, mountain",7
10426,"south africans, raise, funds, cosmo, city, father, left, quadriplegic",1
9060,"test, india, win, t20 world cup, spectacular, batting, collapse, sees",11
11614,"zama zamas, north west, killed, north, west, standoff, mine, security",2
10253,"f1, leaked, calendar, report, grand prix, practice, russian, melbourne",5
11132,"durban, chemical spill, concern, longterm, health, impact, factory, upl",2
11158,"boity, assault, physical, media, personalities, bujy, drama, unfortunate",4
10005,"california wildfires, world, largest, tree, path, raging, desperate, bid",2
10485,"mark zuckerberg, approved, project, pushing, stories, users, news, feeds",2
10924,"credit, personal loans, credit cards, demand, climbs, sa, consumers, seek",2
9720,"reality show, activist, think, help, upcoming, causing, stir, documentary",2
9703,"restonic, sa, launches, mattresses, support, ocean, cleanup, south africa",2
9858,"spacex, crew, civilian, earth, time magazine, allcivilian, theyre, taking",6
10718,"f1, lewis hamilton, hamilton, formula 1, wins, century, best, lando norris",13
10267,"red bull, mercedes, verstappen, lewis hamilton, hamilton, f1, max, russian",16
10085,"liesl laurie, musa mthombeni, photos, musa, mthombeni, pics, white, wedding",1
6764,"unrestsa, alleged, court, instigator, ngizwe mchunu, bail, violence, unrest",41
112,"f1, verstappen, hamilton, mercedes, gp, lewis hamilton, max verstappen, 2021",305
11117,"us supreme court, hear, boston, christian, flag, dispute, justice, kavanaugh",4
3569,"aka, anele tembe, performance, death, anele, scheduled, fianc√©e, nedbank cup",8
8373,"eskom, allegations, umgungundlovu, asks, staff, millions, district, suspended",25
10282,"evergrande, rates, sa reserve bank, inflation, unchanged, fed, rand, probably",12
9543,"champions league, liverpool, chelsea, win, man city, league, solskjaer, ronaldo",35
9145,"antivaxxers, insurance, pressure, ceo, customers, sanlam, climate change, fuelling",9
9576,"machine gun kelly, conor mcgregor, red carpet, seemingly, fight, vmas, red, carpet",1
10361,"gauteng hospital, siu, freezes, companies, irregularly, awarded, tenders, refurbish",1
10181,"rmi, discovery, remgro, recovery, momentum metropolitan, unbundle, stakes, momentum",4
11307,"toyota corolla, hybrid, corolla cross, cross, locallybuilt, vehicle, drive, classic",3
10522,"investec property fund, vacancies, stabilise, prime, joburg, spots, remain, headache",3
10877,"steinhoff, court, asks, settlement, constitutional court, court case, shut, liquidation",3
10163,"hlengiwe mkhize, mkhize, deputy minister, official, funeral, declared, presidency, hlengiwe",4
9747,"african rainbow capital, coal mining, motsepe, exit, metrofibre, prunes, portfolio, interview",2
10825,"nike, volvo, limitededition, sustainable, sneaker, allelectric, appeal, volvo xc40 p8 recharge",2
11041,"britney spears, court, suspends, father, conservatorship, years, britney vs spears, controversial",4
10122,"protect, whistleblowers, ramaphosa, thuli madonsela, legislation, needs, expanded, babita deokaran",5
9040,"princess charlene, hospitalisation, prince albert, princess, charlene, palace, condition, reassuring",4
10956,"mall, rise, ashes",1
11258,"master, butchers, sa",1
10209,"hidden, messages, songs",1
9526,"ride, report, race, sea",1
11159,"hiv, podcast, unmuted, crime",1
9979,"resistance, band, workouts, work",1
10118,"bicycle, built, haul, braai, wood",1
9289,"hate crimes, ben, winks, bill, late",1
10100,"greg minnaar, crash, ends, mtb, season",1
11462,"eoh, recovers, billion, operating, loss",1
11013,"teacher, spends, 500, pairs, quirky, shoes",1
6494,"oceans, penguins, wearing, fly, socks, days",1
10430,"preowned, vehicles, boast, highest, mileages",1
79,"watch, new, film, love, drama, show, star, woman",383
9422,"watch, dexter, evolving, monster, limited, series",1
10453,"bp, traders, lost, billion, african, deal, debacle",1
10497,"new, h1, know, hyundai, premium, sabound, staria, mpv",1
7478,"skin, deep, lip, fillers, botox, derma, peels, popular",1
8784,"watch, art, helped, find, survived, thanks, god, grace",4
11429,"bond, box office, time, die, makes, million, local, new",3
5053,"brain, adhd, baby, explained, child, help, affect, teen",58
10804,"evergrande, china, meet, hui, ka, yan, billionaire, head",5
9392,"high court, dispute, burial, rights, judge, mnguni, ends",1
10145,"like, school, london, finally, returns, office, meetings",1
11034,"love, watch, you, cowie, adorable, local, explains, eats",3
1731,"new, season, actress, role, show, gomora, playing, queen",36
950,"ride, trout, trails, fishing, kzn, winter, river, routes",102
10648,"club, inside, glitz, glamour, royal, stellies, hot, water",3
2,"covid19, study, risk, new, patients, finds, people, covid",357
11426,"taiwan, china, president, xi, military, bow, needs, alert",6
8977,"curry, pudding, green, bean, salad, recipe, chicken, snoek",34
10086,"drones, waves, research, new, way, figure, southern, right",1
10277,"kearsney, college, host, centenary, basketball, tournament",1
11119,"minutes, state, rests, modack, lawyer, wants, reopen, bail",1
9866,"third wave, opinion, richard, van, zyl, steam, taken, toll",1
10929,"wage, numsa, strike, sibanye, steel, offer, insult, greedy",4
9007,"asian markets, stocks, us, taper, rand, weak, data, soothes",9
11331,"ipl, t20 world cup, proteas, win, delhi, mumbai, ab, bavuma",20
11241,"lesleyann, brandt, character, love, star, sa, roots, helped",9
9588,"met gala, met, gala, simone biles, 3in1, 44kg, took, people",5
11479,"tournament, clubs, chase, fc, ladies, women, league, champs",10
5257,"bitcoin, mti, sa, brothers, missing, ceo, final, liquidation",10
10208,"de, lille, da, elections 2021, cape town, cape, town, listen",3
10119,"emmys, 2021, emmy, winners, netflix, dominates, crown, sweep",4
11287,"man city, allege, staff, spat, liverpool, draw, klopp, salah",5
9365,"oppenheimer, daughter, da, single, biggest, donor, r15m, iec",2
11473,"mtb, designed, wasnt, easy, meet, world, wireless, suspension",5
9054,"sa, gdp, quarter, expected, economy, business, govt, analysts",11
9860,"boy scouts, tentatively, defeat, girl, scouts, trademark, case",1
9955,"jennifer aniston, doesnt, want, date, celebrity, desire, marry",1
10906,"mayor, enjoys, car, bodyguard, perks, despite, stepping, aside",1
11716,"toilet, discovered, jerusalem, come, complete, air, fresheners",1
8349,"women, mom, cape town, woman, local, opinion, children, school",88
9916,"judge, mnguni, buried, fears, zuma, loyalists, desecrate, grave",3
541,"questions, sis dolly, answers, burning, sex, man, experts, good",42
13,"siu, court, corruption, ppe, fraud, officials, health, msunduzi",218
10201,"dj zinhle, photo, shares, anele tembe, clears, air, mixup, anele",3
8754,"rice, potato, pork, butter, cauliflower, curry, steamed, chicken",21
2920,"schools, covid19, teachers, school, education, pupils, kzn, dept",253
10389,"4x4 trail, mitsubishi, pajero, tackles, blesfontein, farm, tracks",1
3100,"eskom, eskom files, kusile, exec, execs, paid, kickbacks, manager",48
9271,"viceroy, r50m, capitec, regulator, fines, falsely, accusing, loan",2
8923,"proteas, t20 world cup, england, squad, maharaj, t20, odi, skipper",36
8953,"simola hillclimb, cars, new, watch, sole, us, competitor, reflects",5
8509,"sa, travellers, vaccinated, finally, welcome, uae, definitely, time",4
10012,"thirdyear, law, student, street, hawker, dropping, university, lack",1
8969,"facebook, whatsapp, social media, ome, things, better, left, offline",8
11408,"french, abuse, sex, case, child sex abuse, hillsong, church, founder",6
10377,"telkom, tower business, shares, rocket, masts, set, list, separately",2
11300,"delta variant, gamechanger, ardern, admits, nz, covid, zero, strategy",1
9330,"justice, pietermaritzburg, protesters, teen, shot, times, kzn, bailed",2
11038,"premier league, improperly, influenced, blocking, newcastle, takeover",1
9017,"arrested, dagga, pietermaritzburg, women, dealing, drugs, north, coast",3
10194,"cape town, city, debt relief, offers, debt, relief, arrears, extortion",4
10850,"cape town, stock exchange, stock, exchange, opinion, close, usa, crash",5
11380,"daily lotto, results, powerball, plus, lotto, players, jackpot, person",11
8531,"digital vibes, siu, mkhize, siu report, report, health, dg, parliament",8
562,"eskom, power, sa, new, energy, powerships, load shedding, karpowership",144
10317,"south african, emergency power, banks, balk, backing, emergency, power",1
534,"money clinic, debt, money, invest, retirement, debt review, review, pay",251
10445,"shares, investors, empowerment deal, absa, planned, hands, black, staff",4
10834,"bond, james bond, iconic, daniel craig, james, kate middleton, time, die",14
9536,"ethekwini municipality, apologises, tongaat, crematorium, remains, order",1
10984,"nicky van der walt, leeann, liebenberg, 12year, anniversary, love, madly",1
5172,"dstv, prefer, flexible, package, multichoice, testing, waters, unbundling",4
9597,"load shedding, power station, kendal, fire, eskom, diesel, load, shedding",2
9049,"section 25, amendment, bill, opening, possibilities, find, common, ground",5
11723,"close, dave, chappelle, bone, embraces, cancelled, transphobic, statements",2
10538,"global citizen, billie eilish, elton john, bts, elton, john, citizen, live",2
9708,"met gala, kim kardashian, met, gala, kanye west, attend, kardashian, photos",4
11571,"90th, birthday, desmond tutu, celebrate, spending, time, family, celebrating",2
10896,"appletiser, products, recalled, cases, south africa, cocacola, wont, exactly",3
10318,"burger king, competition, tribunal, approves, sale, conditions, include, new",2
94,"zuma, anc, ramaphosa, jacob zuma, zondo commission, concourt, court, nkandla",605
10904,"gender equality, commission, calls, public, comments, state, lgbtiq, equality",2
11094,"sharks, warriors, glasgow warriors, changes, murray, koster, midfield, change",6
10152,"relativity, investment, world, personal finance, drafting, budget, expert, tips",5
10853,"win, brighton, liverpool, real madrid, sheriff, champions league, chelsea, sink",12
11549,"jake gyllenhaal, jennifer aniston, pillow, technique, filming, sex, scene, crush",1
11436,"attempted murder, sandf, soldier, intentionally, infecting, partner, hiv, accused",4
4970,"mothers, prison, parent24, series, south africa, special, investigation, maternal",3
9133,"joao rodrigues, ahmed timol, apartheidera, policeman, charged, murder, ahmed, timol",4
11023,"elon musk, biden administration, biden, administration, tesla, wants, exemption, covid19",2
10367,"measure, jabulani sikhakhane, metrics, numbers, game, sifiso skenjana, technology, evolving",2
10153,"cape town, healthcare workers, philharmonic, orchestra, concert, gratitude, healthcare, workers",2
11203,"chief justice, outsourced, ramaphosa, selection, process, john hlophe, busisiwe mkhwebane, busisiwe",2
9386,"abba, actually, likes",1
9424,"signs, financially, abused",1
10072,"black hair, redefining, images",1
11334,"pit, stop, roadside, nyala, tree, near",1
10617,"elon musk, chip shortage, chip, shortage",1
11235,"blast, kills, civilians, near, kabul, mosque",1
9464,"small, us, town, offering, people, fill, jobs",1
10775,"thembi kgatlana, review, story, tale, triumph",1
9513,"quade cooper, watch, moment, broke, sa, hearts",1
11401,"brands, lot, fun, facebook, whatsapp, instagram",1
7868,"dr congo, plane, scrapes, motorcyclist, landing",1
11073,"ford ranger fx4, watch, guy, understand, sa, love",1
10037,"review, songbirds, christy, centres, unrecognised",1
10129,"waste, dumped, umgeni, river, kwazulunatal, scary",1
11645,"denel, avoids, liquidation, outofcourt, settlement",1
8430,"driven, sa, manual, want, need, know, lexus, lc500",9
9046,"weds, joy, meryl, streep, daughter, grace, dj, mark",4
663,"new, bike, mountain, sa, review, wheels, driven, car",104
9705,"stay, bushman, nek, berg, trout, resort, high, trail",8
8347,"cars, new, sa, vehicles, smallest, preowned, sale, car",6
11021,"new, korean, drama, netflix, biggest, show, squid, game",2
11003,"pics, snake, catcher, rare, rescue, vine, snakes, durban",1
9327,"watch, ford, best, ranger, look, allnew, sabound, bakkie",1
10171,"t20, wp, knock, lions, opener, swd, wayne parnell, protea",7
9735,"coining, it, mpumalanga, woman, covered, floor, 5c, pieces",1
8356,"found, woman, man, bathtub, student, police, body, missing",26
10985,"netflix, game, like, buys, studio, south korea, quid, boosts",3
2356,"sa, travel, vaccinated, us, covid19, uk, flights, travellers",99
11229,"cyclone, oman, child, dies, flash, floods, flights, suspended",2
9934,"facebook, report, apple, knows, instagram, kids, toxic, teens",5
11520,"stormers, lock, munster, player, cited, biting, appeal, 8week",2
1906,"bok, lions, springboks, springbok, boks, test, squad, nienaber",223
598,"court, unisa, city press, anc, new, corruption, ramaphosa, pay",149
8848,"wedding dress, buy, simple, elegant, custommade, kzn, designer",1
10429,"zim, cederberg, loves, getting, lost, mining, mountain, bikers",4
9033,"cape town, city, residents, future, land, opens, housing, prasa",30
10725,"cape town, search, continues, man, fell, leopard, seal, attacks",2
9639,"cricket, pakistan, india, ipl, new zealand, tour, players, test",11
9053,"hlophe, minority, decision, proves, broken, jsc, john hlophe, it",2
9578,"tino, beautiful, tino chinyani, simz, ngema, separate, ways, end",3
9556,"us open, raducanu, slam, tennis, star, open, grand, lloyd harris",13
9471,"prince andrew, sexual assault, served, papers, us, sexual, assault",1
10316,"sugar tax, working, double, insulin, prices, tripled, past, decade",2
9031,"dancing, driving, cuddling, amazing, pics, woman, sweet, friendship",4
11456,"sa, mining, reserve bank, reserve, bank, inflation, companies, sail",8
9106,"mtb, futuristic, design, scott, patron, ebike, riding, transbaviaans",5
9844,"8yearold, durban, girl, going, viral, incredible, freehand, paintings",1
8934,"anc, councillor, candidate, thebolla, future, balance, hunt, msunduzi",7
8435,"covid19, life, springboks, quarantine, going, black, players, partied",5
8987,"south africa, closing, date, entries, extended, miss, teenager, model",4
519,"allergies, hay fever, seasonal, watch, treating, symptoms, dampen, sex",15
10372,"banyana, banyana banyana, crowned, aisha, buhari, cup, champions, goal",4
1179,"fire, cape town, cape town fire, watch, uct, firefighters, flames, man",70
10324,"know, send, resignation, letter, employers, dismiss, workers, involved",2
10702,"ryder cup, mcilroy, theegala, pga, europe, backs, harrington, disaster",5
10380,"daily lotto, powerball, plus, lotto, results, jackpot, winning, numbers",9
11425,"jason rohde, wife, killer, murder, appeal, dismissed, sentence, reduced",1
9020,"leader, nfp, zanele, died, late, national freedom party, dies, obituary",8
10387,"liverpool, chelsea, united, man city, league cup, man, solskjaer, villa",14
9440,"johannesburg, couple, winter, wonderland, wedding, pictures, went, viral",1
9659,"mandy wiener, mental health, lessons, osaka, biles, raducanu, need, look",1
10352,"mom, burnt, benoni, creche, recovering, daughter, receiving, counselling",2
10558,"biotech, billionaire, soonshiong, cancer, covid19, sa, vaccines, expedite",3
5635,"dimension data, case, jeremy ord, chair, jeremy, ord, execs, andile ngcaba",3
9580,"money, tips, time, municipal elections, elections 2021, 2021, future, plan",14
10801,"psg, klopp, man city, champions league, liverpool, guardiola, unsure, goal",12
10207,"west rand, unrestsa, anc, councillor, appears, charges, inciting, violence",2
9698,"bring, blitzboks, canada, world rugby, world cup, considers, staging, world",9
11250,"sa civil aviation authority, money, replace, calibration, aircraft, crashed",1
10672,"sandile buthelezi, digital vibes, health, dept, suspends, dg, alleged, role",1
8351,"anc, elections, ramaphosa, iec, candidates, concourt, electoral, application",34
11109,"bulls, stormers, combrinck, earns, starting, berth, connacht, ruan combrinck",5
7094,"streaming service, new, launches, britbox, south africa, south, africa, need",5
10778,"rosemary ndlovu, excop, judge, warns, murderaccused, evading, questions, court",2
10172,"sundowns, ahead, maritzburg, pirates, royal, maritzburg united, gallants, game",20
10319,"nelson mandela bay, mayor, curfew, breaking, car crash, hospital, bhanga, gives",3
10821,"r kelly, sex, found, guilty, crimes, sex trafficking, racketeering, trafficking",3
10148,"taliban, women, afghanistan, afghan, official, work, taliban takeover, fighting",9
11628,"kim kardashian, praise, skims, ignores, family, relationship, body, augmentation",3
16,"msunduzi, pietermaritzburg, municipality, city, water, residents, kzn, municipal",266
10038,"saturday profile, ahmed timol, imtiaz cajee, ahmed, timol, cajee, racially, past",1
11538,"brian laundrie, gabby petito, petito, gabrielle petito, police, gabby, days, seen",6
10174,"musa mthombeni, snaps, liesl, breathtaking, white, wedding, liesl laurie, details",2
3890,"section 25, land, anc, land expropriation, land reform, title deeds, eff, ramaphosa",45
11163,"sa money report, british american tobacco, podcast, smoking, british, american, tobacco",1
11090,"employees, united airlines, covid vaccine, vaccine mandate, fire, nearly, complying, covid",2
8494,"pietermaritzburg, outages, msunduzi, electricity, illegal connections, update, transformer, residents",18
11381,guilty,1
10517,"god, people, hurt, oppress, gays",1
9591,"powerball, draw, sitting, million",1
9247,"new, fedhealth, mtb, challenge, route",1
10614,"people, wound, icu, covid, party, canada",1
11410,"princess beatrice, watch, reveals, baby, girl",1
10897,"scenes, hope, screen, reading, book, house, gucci",1
9400,"r kelly, accuser, singer, starved, days, assaulting",1
9163,"clean, fridge, dog, toys, spring, home, plates, cups",3
9269,"jp smith, surname, joke, watch, im, going, try, dude",3
11361,"veteran, journalist, pretoria, news, editor, val, dies",1
9843,"apple, supercharged, ipad, mini, big, glorified, iphone",1
9081,"art, joburg, spreading, love, fnb, presents, open, city",7
11196,"robben island museum, pressure, mounts, answers, probes",1
9329,"prince william, kate middleton, kate, middleton, monarchy",1
8160,"look, steyn, city, new, allowing, residents, dodge, joburg",1
10646,"police, banks, set, follow, poachers, illicit, cash, trail",1
8565,"proteas, bavuma, root, england, sri lanka, test, india, sa",12
10818,"watch, egg, thrown, french, president, macron, food, trade",1
2421,"car, vehicle, tips, know, change, car doctor, avoid, winter",41
9865,"missing, door, handles, plastic, windows, weird, car, flaws",1
9461,"neighbours, war, tira, household, throats, fellow, resident",1
10180,"south africa, analysis, big, pension, gap, tax, base, right",2
8792,"george, claassen, cult, ignorance, endangers, fight, covid19",1
241,"standard bank, bank, banks, sa, new, customers, fnb, banking",173
10480,"uct, senate, favour, policy, mandatory, vast, majority, vote",2
8546,"liesl laurie, musa mthombeni, photos, inside, musa, mthombeni",1
10224,"france, uk, australia, submarine, contract, us, showing, anger",4
11742,"watch, saffas, united, sharks, celebrate, bulls, urc, comeback",1
11719,"cricket sa, posts, million, loss, covid19, hit, financial, year",1
54,"legal, nthabi, answers, questions, property, want, money, estate",49
10366,"sharks, sa rugby, redemption, goal, franchises, step, new, world",4
7063,"wage, public wage, deal, steel, numsa, offer, wage deal, workers",9
1546,"dean carelse, sa, school, teacher, arrested, child, porn, charges",1
10266,"driving, seat, black, cricket, administrators, need, look, mirror",1
10315,"fire, cape town, man, dies, newlands, apartment, block, pensioner",3
10773,"man, united, ronaldo, return, villarreal, winner, latest, everton",13
90,"sa, lions, sa rugby, rugby, lions tour, tour, springboks, british",179
9686,"spectrum, deadlock, continues, auction, experts, fret, sa, access",2
8263,"stumbling, block, looters, samsung, disables, tvs, stolen, unrest",1
9605,"crackdown, aluminium, breaks, time, years, asian markets, sink, us",5
10121,"dams, vwsa, assists, schools, cape town, water, tariffs, decreased",8
10295,"elon musk, pulled, remaining, house, market, vowing, rid, physical",1
10220,"home affairs, pics, man, arrested, authorising, official, documents",1
11335,"nateni√´l julies, witness, cops, charged, state, court, murder, cop",10
9748,"weather, conditions, cloudy, warm, partly, wednesday, sunshine, hot",5
9284,"wrap, godongwana, ministers, answer, questions, economy, parliament",1
9862,"cape town, informal, settlement, residents, protest, delivery, water",1
2970,"pietermaritzburg, protest, kzn, protesters, taxi, protests, n2, watch",80
9341,"sharks, bulls, currie cup final, du, toit, boost, johan goosen, brace",6
11368,"fashion week, paris, street style, picked, looks, fashion, week, inspo",2
11245,"killed, babies, like, animals, devastated, mom, murderaccused, escapes",2
8661,"standard bank, personal, named, africa, best, bank, wealth, management",4
8,"sa, msunduzi, municipalities, budget, city, covid19, municipality, govt",480
9857,"govt, school, sanitisation, tender, gauteng education, dept, gets, legal",4
8467,"coal, sa, energy, greenhouse gas emissions, jumped, years, medupi, kusile",5
9666,"beaches, kzn, ethekwini municipality, tests, sewage, remain, closed, north",3
10320,"social development, bathabile dlamini, watch, minister, bathabile, dlamini",1
8954,"arrested, suspects, robbery, house, kwazulunatal, gqeberha, vehicle, police",16
10583,"landscaping, company, workers, arrested, illegally, pruning, acacias, worth",1
11542,"alcohol industry, excise, tax, commences, honour, payment, deferred, resumes",2
11367,"bok, props, kitshoff, malherbe, world rugby, rugby championship, boks, crack",2
8991,"south africa, divorced, different, types, divorces, divorce, spouse, consent",4
3855,"2021, red carpet, brit awards, awards, looks, winners, billy porter, dua lipa",4
9840,"boarding school, netherlands, princess, alexia, heads, look, laidback, family",1
9043,"covid19, mu, variant, scientists, new, coronavirus variant, variants, vaccine",9
11348,"miss south africa, look, inside, 2021, million, prize, package, miss universe",3
11419,"chanique rabe, miss supranational, chanique, rabe, namibia, kicks, spoke, walk",3
11618,"r kelly, youtube, terminates, official, channels, linked, following, conviction",1
6680,"bishop makamu, moja love, rea tsotella, returns, work, moja, love, controversial",2
9125,"north west premier, bushy maape, new, will, disappoint, finally, swornin, members",3
11406,"britney spears, finally, addresses, freebritney, movement, court, gives, controlling",4
7345,"somizi, abuse allegations, somizi mhlongo, allegations, time, abuse, idols, mohale motaung",13
2175,"patricia de lille, saldanha bay, visits, inspect, multimillionrand, harbour, upgrade, project",1
11439,"willem breytenbach, sexual assault, sexual, assault, prosecution, granted, final, postponement",1
10075,"art, presidential",1
10035,"premier league, wrap",1
10011,"south africa, diy, divorce",1
9495,"making, easier, track, pension",1
8978,"bigger, magnetic, water, bottle, mtb",1
9929,"mediumterm, budget, tabled, november",1
9228,"matric, rage, festival, expand, margate",1
11715,"dwayne johnson, watch, makes, rap, debut",1
6050,"podcast, hiv, unmuted, discovery, changed",1
10223,"weather warning, severe, thunderstorm, kzn",1
8104,"year, later, happened, dstv, streama, decoder",1
10657,"bridgerton, season, look, teases, new, romance",1
10202,"mum, word, grimes, cant, identify, term, mother",1
10182,"africa, biggest, city, vaccinate, residents, year",1
10251,"vladimir putin, sweden, blocks, naming, baby, boy",1
10861,"eu, wants, universal, cables, devices, apple, happy",1
11433,"feather, awards, celebrating, years, 2021, nominees",2
8614,"anc, xiaomei, havard, ssa, report, mp, spying, china",3
11712,"california, illegal, remove, condom, consent, us, ban",1
10321,"michael b jordan, steve harvey, happy, daughter, lori",1
10640,"earn, master, degree, coffee, 9month, programme, italy",1
10570,"iphones, need, redesign, eu, pushes, universal, charger",1
11123,"atm, bomb, gang, blow, making, tutorial, videos, explode",1
11290,"salad, chicken, avo, cheese, pie, porridge, spicy, boats",39
11460,"stores, tfg, jet, open, foschini, test, standalone, home",4
10808,"thuso mbedu, look, love, elegant, ball, gown, silhouette",1
10865,"proteas, csa, kit, sponsor, new, ways, balance, announces",4
10130,"cbd, sa, distributor, tested, products, label, bottle, cut",2
10613,"mondli gungubele, minister, presidency, mourns, death, son",1
10982,"amazon, robot, unveils, cience, fiction, patrol, homes, new",2
10185,"bbc, pay, damages, nanny, false, charles, pregnancy, claims",1
10813,"cradock four, families, court, answers, killers, prosecuted",1
8589,"diana, ad, eyes, saw, camilla, wedding, royal, photographer",5
10746,"free state, watch, modern, medicine, scars, smiles, man, gets",1
7914,"inside, jennifer lopez, j, lo, decision, delete, traces, arod",4
10863,"jada pinkett smith, smith, admits, extramarital, relationship",1
10053,"notredame, restoration, ready, start, safety, work, completed",1
11343,"prince andrew, queen, bankrolling, fight, sex, abuse, lawsuit",1
6186,"record, profit, green, anglo, platinum, ceo, iron ore, prices",29
10742,"us, antivax, doctor, covid19, shot, people, magnetic, medical",2
10712,"watch, heartbroken, parents, set, run, marathon, memory, baby",1
4919,"covid19, vaccine, vaccines, africa, sa, local, million, waiver",39
10680,"daniel craig, graham, norton, big, splashy, start, new, season",2
11340,"russian, putin, state, news, outlets, covered, pandora, papers",3
8836,"sa money report, podcast, dealing, fallout, sa, going, nuclear",1
10750,"soldiers, injured, military, vehicle, river, kzn, watch, falls",3
11666,"watch, church, reconciles, woman, asked, stop, dancing, shembe",2
10937,"electricity, shortages, china, hitting, apple, tesla, suppliers",1
9611,"sasria, cash, unrest, needs, looted, destroyed, big, businesses",4
11346,"taliban, kabul, afghanistan, isis, mosque, us, kills, displaced",11
9159,"911, us, 20th, anniversary, jill biden, starts, teaching, person",7
10125,"brookside, mall, pietermaritzburg, set, reopen, year, towns, kzn",3
9949,"gents, checked, maleonly, disease, fourthbiggest, cancer, killer",1
111,"sa, woolworths, ceo, interview, mr price, stores, game, takealot",108
7055,"tiktok, sensation, comes, boy, cat, official, instagram, account",1
9242,"debt, eskom, masondo, proposes, govt, forgiven, exchange, climate",4
10925,"england, ashes, root, desperate, play, commit, ashes tour, family",3
10992,"lauren dickason, exclusive, lauren, read, understand, ivf, friend",1
8921,"opinion, anc, ramaphosa, siya, khumalo, lge2021, iec, opportunity",9
10487,"sa economy, steel, federation, warns, numsa, strike, action, cost",1
10607,"sa, grain, planting, season, indicates, sufficient, stock, lowend",1
11269,"european tour, black, locking, duo, miss, savea, blacks, captaincy",2
11098,"gabriel, salazar, tiktok, star, car crash, million, followers, died",2
11084,"hong kong, investigating, sa, oysters, food, poisoning, local, farm",1
11369,"new york, land deal, senior, official, sacked, wake, dirco, bungled",1
11350,"blue origin, work culture, read, email, ceo, sent, staff, addressing",3
10257,"chinese, billionaire, lost, billion, personal, wealth, beijing, tech",1
10768,"crypto, china, bitcoin, users, ban, crypto exchanges, binance, huobi",7
9525,"elections 2021, cape town, cape, town, battle, lines, drawn, parties",3
11387,"pedestrian, safety, october, transport, month, south african, us, vs",2
10362,"woman, confessed, killing, dismembering, husband, weak, attend, bail",2
9946,"anele mdoda, kelly rowland, trends, kelly, rowland, wearing, swimsuit",1
10549,"formula 1, entertainment, journalism, netflix, eyes, rights, takeover",1
9097,"carry, dads, advocating, samesex, parenting, share, surrogacy, journey",1
9555,"britney spears, sam asghari, sam, asghari, inside, newly, engaged, plans",3
10167,"kristen stewart, naomi, watts, women, whove, detailed, intimate, details",3
7220,"exodus, scoops, honours, bookmark, awards, investigation, reiterated, team",2
11733,"fast food, township, delivery, service, uses, whatsapp, electric, scooters",1
10043,"baby shower, social media, users, rally, organise, baby, shower, provincial",2
8427,"sa, business, pandemic, workers, unrest, discovery, help, sun international",46
9280,"free, bafana, tickets, fans, soweto derby, music festival, david mabuza, want",6
10170,"motshwari, pirates, suspend, key, midfielder, police, charge, orlando pirates",2
1913,"sa, ramaphosa, africa, covid19, ideas, matter, government, unemployment crisis",82
11005,"sarah everard, london, arrest, raping, killing, officer, police officer, sarah",4
11404,"pick n pay, competition, body, makes, key, recommendations, greenlights, clicks",2
11634,"newcastle united, takeover, newcastle, saudi, premier league, new, owners, ¬£300m",5
10771,"covid19, national arts council, report, reveals, overshot, artist, support, budget",2
63,"ssa, zondo commission, police, intelligence, cop, minister, crime intelligence, khehla sitole",124
8559,"sponsored, power, pancreas",1
10424,"actor, willie, garson, dies",1
10187,"sa, mtb, pros, great, season",1
11318,"getting, comfortable, bib, shorts",1
7875,"book review, insightful, interesting",1
9660,"yeti, ebike, trick, suspension, system",1
11078,"abathembu, king, son, differences, aside",1
11448,"craving, soil, suffering, pica, disorder",1
10997,"griquas, biggest, fan, uncle, bushy, died",1
4798,"free state, meet, teen, collection, reptiles",1
10435,"south africa, opinion, blame, dickason, tragedy",1
9291,"twee, binne, antjie, se, pad, vat, aan, covid19",11
11141,"investec property fund, boom, big, plans, europe",1
11236,"workers, died, covid, dubai, expo, site, officials",1
11164,"autism, causes, diagnosing, treating, risk, factors",5
9646,"us, couple, died, covid19, weeks, apart, left, kids",1
9353,"jennifer, lawrence, expecting, child, husband, cooke",1
10814,"las vegas, sa, street, fighter, tekken, gamers, head",1
9995,"watch, 15minute, cities, change, work, life, covid19",1
9568,"british, monarchy, gone, generations, novelist, mantel",1
11216,"safa, lures, sport, editor, head, communications, team",1
10823,"dutch, pm, targeted, kidnapping, drug, gangs, according",1
674,"dog, cat, cape town, rescued, spca, baboon, killer, pets",113
128,"sa, opinion, new, economy, energy, africa, african, govt",227
11668,"south china sea, us, submarine, hits, object, underwater",1
11601,"un, dies, sahrc, unhcr, sign, agreement, refugee, asylum",8
87,"chicken, recipe, lamb, chocolate, rice, curry, soup, pork",345
11191,"dress, bride, changes, days, wedding, regrets, saw, cried",1
9630,"james, middleton, knot, tie, secret, ceremony, france, ties",2
9110,"fbi, france, attacks, accuses, somalia, pm, president, newly",12
9080,"cuban, love, affair, sandf, sends, soldiers, training, havana",1
10268,"prince charles, scandal, seedy, deals, embroiling, foundation",2
9502,"kim kardashian, photos, steps, head, yes, including, face, toe",1
11580,"scientists, didnt, sign, shorter, curfew, crowd, counts, newly",1
5577,"ppc, interview, rights issue, slashes, debt, avoid, ceo, fixing",3
11556,"steyn city, opens, sales, new, flagship, apartment, development",1
9490,"distraught, residents, die, funeral, quatro, place, earth, worse",2
8647,"dstv, popup, adds, lethal, legends, hollywood, sexiest, channels",2
634,"sa, house prices, market, growth, sector, properties, end, index",23
10559,"sharks, munster, coach, everitt, bosch, urc, chamberlain, starts",7
10448,"taliban, city, fighters, people, killed, attack, jalalabad, hang",3
9592,"vmas, looks, red carpet, favourite, bonang, matheba, hits, dolce",4
11546,"covid19, patient, wife, sued, hospital, treated, ivermectin, died",1
9653,"daily lotto, lotto, player, got, richer, players, scoops, jackpot",4
10447,"sa, crypto, developer, fluffypony, released, custody, wants, come",1
10229,"world cup, fifa, plans, biennial, uefa, raises, concerns, consult",6
10665,"meet, entrepreneur, planning, build, mcdonald, plantbased, burgers",1
10203,"new music, abba, embraced, digital, world, launch, comeback, years",1
10064,"rescuers, found, shipwrecked, children, clinging, dead, mom, drank",1
10178,"vessel, woman, sea, rescued, fishermen, die, yzerfontein, gqeberha",3
9842,"virus, bats, ebola, people, infected, year, coronaviruses, carried",4
11635,"911 gts, engine, pricing, announced, allnew, porsche, available, sa",1
11597,"child, lives, uk, claim, maintenance, father, disappeared, overseas",4
222,"mozambique, mozambique attacks, attack, sa, palma, un, attacks, gas",85
10218,"samuel l jackson, rapper, drake, buys, stake, fried, chicken, chain",1
10344,"teacher, primary school, update, police, hunt, suspects, shot, dead",2
9696,"photos, iconic, moments, music, history, stories, 1970s, unpublished",2
11091,"players, breach, argentine, banned, wallabies, clash, covid, veteran",4
11071,"hurricane, hunter, meet, extreme, meteorologist, reed, terrier, gizmo",2
8800,"modack, nafiz modack, john, wick, coming, hello, murderous, fictional",4
11699,"prayer, session, planned, zuma, july unrest, manyi, blocks, questions",2
10265,"questions, ask, staying, friends, ex, betrayed, hurt, estate planning",5
5758,"white collar heist, podcast, gary, porritt, sue, bennett, court, week",1
10023,"going, princess margaret, twice, sold, royal, jewellery, gifted, sells",1
10759,"good news, bad, breath, thinking, participating, answer, glowing, skin",4
10041,"money clinic, home loan, debt counselling, benefit, remove, home, loan",1
8831,"sa, public, warned, business, world, biggest, cryptocurrency, exchange",1
9050,"bafana, boss, ghana, broos, hlongwane, bafana bafana, hugo broos, vital",13
10917,"sexual abuse, negligence, staff, blame, drc, report, finds, heartbroken",2
11710,"man, electrocuted, cables, kzn, conducting, repairs, overhead, repairing",2
10055,"masks, international, airlines, banning, cloth, flights, favour, medical",1
8965,"tokyo, medallists, ntando mahlangu, team sa, sa, paralympic, big, payday",7
9606,"taliban, us, afghan, afghanistan, taliban takeover, china, million, women",13
10895,"blue origin, jeff bezos, space, company, dedicates, afternoons, week, blue",4
10812,"elections 2021, town, cape town, da, housing, cape, affordable housing, de",4
10173,"injured, university, people, killed, russian, campus, shooting, free state",2
9643,"pietermaritzburg, olympic, sa, set, van, niekerk, bianca buitendag, silver",7
10561,"probe, concluded, white, officials, accused, withholding, covid19, vaccine",1
10482,"afrikaans, reinstated, medium, teaching, learning, unisa, afriforum, concourt",1
10729,"pandemic, cats, sick, stress, help, animal welfare society, celebrates, years",2
11325,"khanyi mbau, kudzai mushonga, happiness, kudzai, mushonga, earns, drama, queen",2
9056,"makhado, local, municipality, auctions, vacant, stands, residential, dwellings",1
9473,"ben affleck, jennifer lopez, photos, jennifer, lopez, red carpet, carpet, debut",2
10714,"nicki minaj, vaccine, tweet, signals, dangers, celebrity, fueled, misinformation",1
11185,"public protector, state, found, probing, healthcare, public, hospitals, maternity",2
8402,"south africa, years, child, maintenance, father, home affairs, according, married",6
10909,"kzn, weather, expected, parts, eastern cape, weather warning, thundershowers, week",10
9738,"nicki minaj, twitter, tweets, vaccines, vaccine, swollen, testicles, covid vaccines",8
10169,"david coulthard, yuki tsunoda, impressed, yuki, tsunoda, schumacher, wants, improved",4
11260,"government, benefits, zulu, king, zulu royal family, princess charlene, peacemaker, royal",2
8567,"unrest, transnet, trade surplus, july, disappoints, july unrest, job losses, manufacturing",8
7734,"thato mosehle, miss supranational, miss, supranational, photos, looks, south african, watch",8
9649,"child maintenance, justice department, child, maintenance, government, taking, away, dignity",3
11659,"western cape, transport department, taxi industry, transport, department, extortion, taxi, industry",1
9498,"run, hide, fight",1
10063,"weather, fine, warm, sunday, cards",1
7916,"vaccine sites, private, walkins, list",1
10008,"real, housewives, lagos, coming, showmax",1
11179,"lingerie, model, gave, men, decided, marry",1
10049,"love, blind, star, jessica, batten, engaged",1
10622,"steak, voted, best, food, couples, mood, sex",1
11172,"drawings, boxing, legend, muhammad, ali, auction",1
10154,"new zealand, extends, covid19, lockdown, auckland",1
11171,"dstv, ends, mnet, city, vuzu, new, channel, coming",1
10988,"cape town, vandalism, stalls, trains, northern, line",1
11032,"ryder cup, lowry, blasts, us, fans, dog, abuse, garcia",2
11228,"victoria beckham, favorite, comfort, food, salt, toast",1
11254,"book review, spent, days, gateway, hell, man, sa, whites",3
11227,"costs, open, popular, hair, beauty, salons, like, sorbet",1
9707,"clicks, unrest cost, kzn, making, big, dent, profit, year",3
9600,"famous brands, sales, growth, steers, wimpy, key, outlets",1
8377,"man, police, kwazulunatal, dead, found, killed, cop, shot",58
11027,"slack, execs, limit, office, days, week, encourage, staff",1
7760,"wants, know, hate, white, people, dark, motherhood, angry",2
10532,"landscape, artist, walter, meyer, widow, convicted, murder",1
11653,"australia, qantas, flew, antarctica, recordbreaking, flight",1
11030,"cape town, watch, residents, asking, ostriches, cross, road",1
9969,"uk, launches, postbrexit, review, eu, laws, britain, revert",2
10907,"watch, sheep, puts, best, trotter, forward, prosthetic, leg",1
10390,"cape town, woman, us, labia, fillers, power, vampire, facial",2
11393,"t20, dolphins, win, dragons, impalas, cup, victory, warriors",15
9377,"da, qualifications, saga, koen, plea, bargain, smith, cleared",1
10384,"driving licence, card, lost, stolen, licence, green, id, book",2
3463,"lions, springboks, rassie, gatland, boks, british, irish, test",97
9594,"blood, water, season, trailer, finally, gail, mabalane, viewers",2
9114,"sri lanka, proteas, odi, bat, deciding, batting, t20, unchanged",8
8956,"argentina, row, v, premier league, possible, ban, victims, coach",5
9609,"cape town, barber, dreams, giving, free, haircuts, mobile, salon",1
11407,"kim kardashian, shares, rare, photo, brother, rob, shocking, snl",2
10785,"restarting, investigation, covid19, leaked, chinese, lab, report",1
963,"infant, illnesses, spotlight, baby, reasons, causes, period, need",73
9077,"mbalula, pay, driving, licences, motorists, fees, minister, wants",9
11214,"saracens, sell, majority, stake, francois, investment, consortium",1
10927,"cape town, hairdresser, gets, years, murder, friend, 1yearold, son",2
11550,"denise, richards, blindsided, court, rules, charlie, sheen, longer",1
7181,"south africans, red list, montenegro, avoid, uk, red, list, option",1
11667,"north west, official, arrested, dealing, transporting, rhino, horns",1
156,"stocks, us, asian markets, fed, inflation, recovery, markets, fears",231
10798,"elon musk, clashes, led, grimes, calling, quits, 3year, relationship",1
10421,"money clinic, credit score, finally, free, debt, build, good, credit",1
10198,"red carpet, classic, evening, couture, gowns, reigned, supreme, emmy",2
11390,"verge, breakthrough, coega, rolls, second, plant, rescue, initiative",4
1484,"sa, volkswagen, automakers, refreshed, review, sabound, suvs, vehicles",14
9038,"wrap, iec, announces, voter, registration, weekend, reopens, candidate",2
6964,"boucher, cricket sa, hearings, racism, allegations, zondo, proteas, csa",19
1878,"driving, driving licence, know, j9, motorists, expired, renew, licences",25
10889,"pietermaritzburg, city, hall, traffic, officers, mayor, chaos, security",6
11188,"sa vehicle sales, pick, up, exports, hit, unrest, transnet, cyberattack",1
10431,"binance, shut, crypto, derivatives, australian, customers, december, bow",2
11014,"country, bitcoin, volcano, el salvador, bukele, steps, project, underway",2
11345,"high school, giyani, mayor, denies, conferred, phd, limpopo, entertainer",1
10641,"bruce cameron, private equity, pensioner, investor, know, private, equity",1
11140,"lava, volcanic eruption, photos, continues, obliterate, homes, roads, crops",2
11554,"money, money clinic, fund, retirement, change, marriage, regime, home loans",8
8789,"south africa, national park, getting, new, national, park, country, highest",2
8447,"thuso mbedu, award, tv, breakout, underground, railroad, hollywood, critics",3
74,"book review, art, history, new, opinion, south african, review, south africa",225
9044,"hawks, warned, hollywoodstyle, arrests, music, bosses, throats, questionable",3
11146,"premier league, old trafford, man city, wrap, man, united, welcomes, everton",1
10651,"fred khumalo, khanyi mbau, letters, reluctant, response, open, letter, khanyi",1
10609,"sa money report, red list, podcast, measuring, effects, uk, baffling, decision",1
10093,"assassinated, iran, nuclear, scientist, aipowered, remotecontrolled, gun, report",1
11356,"mozambique, insurgents, southern african, sadc, ramaphosa, insurgency, dont, wait",5
10769,"medical aid, momentum, freeze, contribution, hikes, september, discovery health medical scheme, contributions",2
8935,"water, pietermaritzburg, copesville, supply, electricity supply, returns, service delivery issues, struggling",4
11486,"theft, palisade, fence, rise",1
9346,"fashion, traditional, drip, alert",1
9687,"leather, lovers, mass, berlin, church",1
11438,"hbo max, unveils, house, dragon, teaser",1
10269,"pro, cycling, richest, team, rim, brakes",1
9500,"drone attack, armed, arbil, airport, iraq",1
9497,"kelly khumalo, idols sa, snubs, idols, sa",1
9410,"matric exam, download, past, papers, free",1
10918,"house, 500, loaves, bread, cost, lot, dough",2
10993,"pakistan, cricket, chief, quits, tour, chaos",1
9624,"giro, latch, new, impact, absorbing, mtb, shoe",1
6051,"find, school, holiday, calendar, updated, new, 2021",2
11623,"jamie lee curtis, cosmetic surgery, mess, face, cant",1
11522,"alfa romeo, refreshes, giulia, stelvio, suv, sa, know",1
10608,"look, ground, broken, god, window, skywalk, sa, grand",1
10728,"tell, teens, start, nthabi, answers, legal, questions",1
787,"covid19, india, cases, covid, lockdown, surge, sa, new",424
9059,"weather, warm, hot, update, tuesday, cards, day, expect",8
8968,"record, double, beat, italy, set, new, unbeaten, germany",8
9948,"higher education, watch, inside, africa, cannabis, academy",1
8909,"medical, parole, placed, jacob zuma, zuma, president, gets",3
5098,"sa, vw, volkswagen, new, golf 8 gti, hot hatch, worth, car",20
9977,"performance sedan, watch, vw, new, 170kw, jetta, gli, gives",1
30,"covid19, vaccine, vaccines, sa, us, million, astrazeneca, jj",611
10019,"hawaii, heaven, set, removed, injuries, illegal, trespassing",1
1834,"women, sex, south africa, opinion, study, help, gender, child",89
9258,"man, united, return, real madrid, pogba, mbappe, lead, fourman",5
9931,"tshepi, vundla, apologises, fatphobic, tweets, mean, demeaning",1
10752,"us, biden, congress, agenda, capitol, democrats, moment, truth",5
9492,"eastern cape, crisis, thousands, vacant, teacher, posts, schools",1
11186,"james bond, sterkinekor, rescue, plan, date, extended, new, hits",1
2596,"mental health, covid19, sa, health, research, mental, new, study",35
153,"mkhwebane, anc, inquiry, public protector, vote, mps, eff, panel",49
9414,"premier league, wrap, ronaldo, poised, united, debut, city, face",1
11303,"texas, us supreme court, man, missouri, despite, pope, us, judge",8
10456,"al ahly, pitso mosimane, fine, al, ahly, defeat, president, fines",2
10781,"lifesaving sa, de, championships, ready, amica, jager, ryle, morny",4
5397,"astral, forks, r3m, lost, production, standerton, horror, continues",1
9849,"cticc, getting, ready, recovery, secures, international, conferences",1
9604,"lloyd harris, us open, reaches, careerhigh, atp, ranking, banks, r6m",1
9538,"rural areas, covid19, worsened, water, woes, food, garden, bolstered",3
10365,"digital gold, bitcoin, claim, loses, shine, token, plunges, alongside",1
9537,"pietermaritzburg, shack fire, boy, jika, joe, house, twoyearold, found",4
9936,"boeta cassiem, newlands, legendary, icecream, vendor, dies, wp, cricket",2
11530,"google, africa, ploughs, r15bn, support, startups, spread, connectivity",2
9137,"covid19, potential, long covid, zanele, passing, puts, spotlight, global",6
9036,"launching, paris hilton, scarf, worn, beyonc√©, makes, invisible, photos",4
10015,"electric bakkie, watch, ford, nearly, double, production, f150, lightning",1
11327,"idols sa, drug trafficking, hopeful, gets, years, jail, drug, trafficking",1
9612,"lockdown, covid19, new zealand, extends, virushit, auckland, china, races",4
10126,"msunduzi, plans, open, public, swimming, pools, pietermaritzburg, october",1
64,"police, crime, kzn, cele, western cape, cops, cape town, pietermaritzburg",304
7247,"hate speech, concourt, declares, hate, finds, qwelane, column, constitutes",3
11371,"robben island museum, releases, report, clearing, officials, mismanagement",1
10483,"80litre, quadturbocharged, sculptural, beauty, meets, iconic, power, bugatti",1
4579,"brad pitt, angelina jolie, angelina, jolie, custody, lawyers, judge, ordered",4
11382,"cervical cancer, cancer, facial hair, weight, waist, acne, deal, lesserknown",13
11222,"shipping crisis, cocacola, turns, bulk, vessels, grain, coal, transportation",1
9701,"covid19, putin, circle, russia, selfisolating, people, caught, vladimir putin",4
353,"school, pupil, parents, pupils, teacher, bullying, principal, lufuno mavhunga",143
9514,"tesla, electric car, owner, detailed, qualitycontrol, issues, shows, dominates",1
11464,"pravin gordhan, watch, biography, unauthorised, launched, virtual, book, launch",3
11288,"evergrande, china, shares, hong kong, stock exchange, suspended, stock, exchange",7
8787,"electric vehicle, understanding, terminology, electric vehicles, sa, capitalise, italy, seeks",3
10471,"sagan, ready, parisroubaix",1
10231,"actors, way, younger, characters",1
9379,"kolbe, departure, save, money, toulouse",1
10031,"cassper, cooks, new, beef, aka, old, show",1
10943,"closeup, plantbased, braai, food, thought",1
11651,"city, london, backtracks, removal, statues",1
34,"sa, lead, pga, pga tour, golf, tour, golfers, open",228
11296,"prince philip, queen, speaks, publicly, time, death",1
10114,"blind, opinion, mila, harding, sa, heads, court, spot",1
10552,"rich paul, adele, love, boyfriend, relationship, gets",1
10193,"mzansi magic, new, starstudded, shows, coming, october",1
1554,"skin, know, skincare, need, acne, ways, season, expert",61
11363,"son, bollywood, star, shah, rukh, khan, custody, drugs",1
9670,"cecilia, forest, earmarked, alien, invasive, plant, hack",1
9650,"malls, vukile, selling, covid19, canal, walk, hyde, park",3
5721,"ombudsman, contact, public, editor, complaints, feedback",4
9941,"footage, shows, sea, blood, close, dolphins, killed, mass",1
11366,"lions, deja, vu, hendrikse, family, jordan, injury, deals",2
9427,"fitch, refers, taiwan, china, jolts, traders, irks, taipei",1
10054,"look, couple, converted, bendy, bus, family, home, toddler",1
9221,"look, sandton, africa, highest, urban, bar, mo√´t, vending",1
10013,"watch, close, personal, nissan, 400z, twinturbo, 294kw, v6",1
7508,"court, kinnear, murder, modack, hears, case, birthday, king",4
9288,"look, inside, gulfstream, new, billion, private, plane, g700",1
9570,"arc, de, triomphe, paris, art, installation, wrapping, begins",2
9419,"sa, world, batch, updated, volkswagen, polos, leaves, kariega",1
9399,"sibanye, turns, uranium, unloved, resource, wants, tap, green",2
9478,"central bank, nigeria, probes, lenders, currency, transactions",1
329,"fraud, court, arrested, case, alleged, hawks, corruption, bail",207
9193,"miracle, nanny, goat, survives, stabbed, times, cape town, spca",3
784,"sa, social compact, sa economy, watch, iss, seminar, key, saving",2
9101,"us open, djokovic, slam, final, lloyd harris, sa, rising, tennis",7
9651,"trade, sa tourism, launches, free, virtual, roadshow, connect, sa",3
11732,"ba, ryanair, obliged, refund, customers, flights, cancelled, owing",1
9565,"community, hall, pietermaritzburg, city, youth, centre, hill, week",34
9838,"elon musk, musk, blue origin, nasa, awards, spacex, companies, r2bn",4
11431,"kumba iron ore, anglo, appoints, nompumelelo, zikalala, female, ceo",1
11312,"national, lifesaving sa, champs, club, de, crowned, pool, champions",10
10325,"social media, chinese, users, uproar, evergrande, letter, employees",1
9694,"dj zinhle, special, message, murdah, bongz, daughters, kairo, asante",1
9837,"google, undersea, internet, new york, finishes, laying, giant, cable",2
11458,"vicechancellor, feel good, wits, src, president, pledges, r15m, help",3
9992,"battery metals, scramble, creates, new, gold, rush, sibanyestillwater",1
11605,"gorilla, dies, arms, photobombing, loving, caretaker, featured, viral",3
11349,"social media, ikea, discontinuing, blue, shark, stuffed, animal, sent",1
2812,"spur, ceo, rocomamas, small business, patty, politics, tiff, backfire",5
11673,"stormers, de, jongh, reaches, century, edinburgh, adre smith, reeling",2
816,"edwin sodi, tender, deal, delayed, rustenburg, rapid, transit, project",1
9421,"acne, symptoms, causes, diagnosing, treating, preventing, risk, factors",7
9432,"car accident, skolopad, reflects, living, mild, amnesia, it, embarrassing",1
11295,"harrowing, photos, show, hungry, brazilians, scavenging, animal, carcasses",1
11209,"newzroom afrika, east london, sanef, condemns, robbery, crew, east, london",1
3023,"shadow, bone, grishaverse, unpacked, know, world, characters, jessie mei li",3
2516,"chief justice, mogoeng, judges, jsc, interviews, concourt, looking, zimbabwe",31
2185,"prince philip, queen, prince, philip, funeral, prince william, harry, william",88
10654,"usyk, anthony joshua, oleksandr, rematch, world, heavyweight, champion, wants",3
11105,"gabrielle union, khosi ngema, sends, shoutout, blood, water, immensely, talented",1
5258,"stellenbosch university, probe, afrikaans, sahrc, language, alleged, ban, resume",5
10743,"albert einstein, attracting, attention, meet, girl, hairraising, syndrome, opinion",2
9290,"crime intelligence, rudderless, cop, spook, yolisa, mokgabudi, resigns, sevenmonth",1
3129,"mandy wiener, covid vaccine, vaccine nationalism, covid, vaccine, world, govt, aid",15
7409,"kaaps dictionary, development, transform, lives, firstever, trilingual, kaaps, deserves",3
5756,"podcast, enemies, episode, wandile bozwana, assassination, million, puzzle, southern africa",7
10890,"canyon, bikes, continue, sa",1
7064,"watch, getting, know, vaccines, work",1
9638,"men, need, apply, world, largest, factory",1
10078,"understanding, albinism, disease, illness",1
10460,"kathryn, hahn, play, joan, rivers, new, series",1
10862,"bald, beautiful, celebrities, creating, style, buzz",1
10991,"ballot, box, sign, limitedrun, elections, newsletter",1
8971,"watch, modern, medicine, world, fell, apart, son, got",1
9780,"canine, rabies, outbreak, metro, claims, life, boy, dog",2
10039,"pietermaritzburg, man, gains, support, appearing, uyajola",1
10634,"aston martin, years, ago, gave, plans, build, world, fastest",1
10484,"modack, coaccused, bail, application, kinnear, case, stalled",1
11457,"donald trump, forbes list, dropped, forbes, list, time, years",1
9465,"money clinic, emigrating, work, remotely, sa, employer, taxed",1
10633,"tablet, computer, hopping, list, reveal, russia, us, starting",1
9505,"french, champagne, makers, end, russia, boycott, despite, label",1
9706,"iec, wants, bottles, hand, sanitiser, million, masks, covidfree",1
78,"lions, boks, springbok, rugby, coach, springboks, sa, exclusive",350
11145,"nigerian, artist, british, museum, accepts, gift, keeps, looted",1
11126,"northam, grows, revenue, platinum, makes, good, business, sense",1
9076,"shipping crisis, ikea, run, products, uk, ireland, stores, amid",2
5894,"hair salon, level 4, thinking, visiting, level, red, flags, look",2
10030,"new york, telecoms, tower, company, partly, owned, mtn, prepares",1
9030,"siya kolisi, rachel, join, forces, roche, launch, free, children",1
11026,"libya, un, youth league, leader, abducted, capital, raid, migrants",2
10383,"new zealand, kfc, gang, associates, arrested, trying, smuggle, car",2
11107,"zakes bantwini, us, meaning, osama, lyrics, reveals, hidden, words",1
10373,"hundreds, storm, namibia, parliament, ahead, german, genocide, deal",1
9550,"lead, championship, mount, edgecombe, american, ryder cup, good, da",11
10783,"look, africa, biggest, logistics, centre, officially, opened, joburg",1
9859,"pope francis, covid19, urges, vaccinations, scepticism, bit, strange",1
10811,"bafana, coach, hugo broos, stadium, access, broos, bafana bafana, tau",9
2506,"court order, standerton, chicken, producer, gets, force, govt, supply",1
10244,"joburg, man, burnt, death, breaking, transformer, substation, protest",3
11289,"sa, buy, simple, shortsellers, short, end, financial results, combing",8
10248,"worst, federer, greatest, serena, pioneer, tennis, intimidation, turns",2
9917,"biden, pm, australians, squirm, calls, fellow, scott morrison, appeared",2
10539,"george floyd, police reform, police, reform, us, senate, talks, collapse",2
9458,"mugabe, remains, reburied, harare, monument, zimbabwe, magistrate, rules",1
10279,"letters, teacher, retrenchment, foolish, antivaxxers, decency, mercy, old",7
9998,"sa money report, podcast, cutting, knot, recent, steinhoff, complications",1
503,"students, covid19, university, sa, nsfas, student, universities, bursaries",133
6954,"matric luphondo, hawks, official, charged, corruption, alongside, npa, dies",1
10339,"matongo, gauteng legislature, sends, condolences, family, joburg, anc, plots",2
10667,"architect, sweden, nolockdown, covid19, response, approach, basically, correct",1
995,"covid19, western cape, gauteng, third wave, vaccination, health, cases, vaccine",357
9438,"economic growth, zambian, president, hichilema, promises, cut, deficit, restore",1
11744,"table mountain, cableway, celebrating, 92nd, birthday, slashing, prices, locals",1
9760,"draw, manchester united, ronaldo, scores, stunned, young, boys, champions league",6
2799,"tokyo sexwale, sexwale, scam, claims, white spiritual boy, java, emperor, modest",12
8198,"daybreak farms, stateowned, chicken, producer, withdraws, defamation, claim, media24",1
9628,"kourtney kardashian, travis barker, tattoos, marriage, rumours, bitter, exes, travis",1
8807,"princess charlene, exclusive, admitted, durban, hospital, medical, emergency, closer",3
10134,"bafana, provisional, squad, bafana bafana, names, lakay, world cup qualifiers, sundowns",6
11317,"sa car sales, new vehicle sales, new vehicle, vehicle sales, sales, demand, 2021, survey",2
6839,"speaker, mapisanqakula, parliament, anc, unrestsa, national assembly, parliamentary, minister",26